,spring-petclinic-config-server.org.springframework.samples.petclinic.config.ConfigServerApplication,spring-petclinic-discovery-server.org.springframework.samples.petclinic.discovery.DiscoveryServerApplication,spring-petclinic-admin-server.org.springframework.samples.petclinic.admin.SpringBootAdminApplication,spring-petclinic-vets-service.org.springframework.samples.petclinic.vets.model.Specialty,spring-petclinic-vets-service.org.springframework.samples.petclinic.vets.model.Vet,spring-petclinic-vets-service.org.springframework.samples.petclinic.vets.model.VetRepository,spring-petclinic-vets-service.org.springframework.samples.petclinic.vets.system.CacheConfig,spring-petclinic-vets-service.org.springframework.samples.petclinic.vets.system.VetsProperties$Cache,spring-petclinic-vets-service.org.springframework.samples.petclinic.vets.system.VetsProperties,spring-petclinic-vets-service.org.springframework.samples.petclinic.vets.web.VetResource,spring-petclinic-vets-service.org.springframework.samples.petclinic.vets.VetsServiceApplication,spring-petclinic-api-gateway.org.springframework.samples.petclinic.api.application.CustomersServiceClient,spring-petclinic-api-gateway.org.springframework.samples.petclinic.api.application.VisitsServiceClient,spring-petclinic-api-gateway.org.springframework.samples.petclinic.api.boundary.web.ApiGatewayController,spring-petclinic-api-gateway.org.springframework.samples.petclinic.api.dto.OwnerDetails,spring-petclinic-api-gateway.org.springframework.samples.petclinic.api.dto.PetDetails,spring-petclinic-api-gateway.org.springframework.samples.petclinic.api.dto.PetType,spring-petclinic-api-gateway.org.springframework.samples.petclinic.api.dto.VisitDetails,spring-petclinic-api-gateway.org.springframework.samples.petclinic.api.dto.Visits,spring-petclinic-api-gateway.org.springframework.samples.petclinic.api.ApiGatewayApplication,spring-petclinic-customers-service.org.springframework.samples.petclinic.customers.model.Owner,spring-petclinic-customers-service.org.springframework.samples.petclinic.customers.model.OwnerRepository,spring-petclinic-customers-service.org.springframework.samples.petclinic.customers.model.Pet,spring-petclinic-customers-service.org.springframework.samples.petclinic.customers.model.PetRepository,spring-petclinic-customers-service.org.springframework.samples.petclinic.customers.model.PetType,spring-petclinic-customers-service.org.springframework.samples.petclinic.customers.web.OwnerResource,spring-petclinic-customers-service.org.springframework.samples.petclinic.customers.web.PetDetails,spring-petclinic-customers-service.org.springframework.samples.petclinic.customers.web.PetRequest,spring-petclinic-customers-service.org.springframework.samples.petclinic.customers.web.PetResource,spring-petclinic-customers-service.org.springframework.samples.petclinic.customers.web.ResourceNotFoundException,spring-petclinic-customers-service.org.springframework.samples.petclinic.customers.CustomersServiceApplication,spring-petclinic-visits-service.org.springframework.samples.petclinic.visits.model.Visit,spring-petclinic-visits-service.org.springframework.samples.petclinic.visits.model.VisitRepository,spring-petclinic-visits-service.org.springframework.samples.petclinic.visits.web.VisitResource$Visits,spring-petclinic-visits-service.org.springframework.samples.petclinic.visits.web.VisitResource,spring-petclinic-visits-service.org.springframework.samples.petclinic.visits.VisitsServiceApplication
0,0,2,6,4,4,3,1,0,6,2,6,2,0,2,3,3,5,1,0,2,6,5,2,4,5,6,6,0,6,6,2,0,3,1,3,5
1,1,0,3,3,3,1,1,3,0,0,1,0,0,0,3,2,0,3,0,3,0,2,3,0,0,2,2,0,3,0,2,1,0,3,1,0
2,4,0,5,1,0,3,7,9,6,8,2,2,4,7,1,0,8,0,5,9,4,2,4,2,2,10,7,1,5,0,8,2,0,3,8,1
3,3,8,1,6,3,7,0,3,4,1,2,6,7,0,6,6,1,2,3,2,3,5,0,5,4,7,8,4,3,3,4,4,4,3,3,7
4,2,12,15,7,9,20,2,16,7,19,1,12,18,0,1,1,9,14,2,11,11,6,0,16,2,14,8,0,1,10,12,0,6,7,13,1
5,18,10,25,23,18,26,14,21,6,5,12,6,15,10,6,5,9,13,8,15,23,1,7,10,11,11,29,16,3,1,16,7,0,0,5,4
6,2,0,6,0,2,6,3,10,6,1,4,3,2,9,9,6,2,9,0,7,5,10,0,5,0,10,5,2,5,5,8,6,2,9,5,9
7,5,15,10,4,4,18,13,15,20,20,7,8,18,4,1,8,8,18,15,1,14,1,20,3,19,17,16,13,2,5,20,8,4,18,13,6
8,7,2,9,2,3,3,19,11,4,17,12,11,14,14,10,12,15,18,18,5,1,5,3,8,16,20,14,10,1,2,0,20,20,11,15,0
9,8,7,15,9,5,0,18,2,4,17,17,7,12,8,20,10,12,16,16,2,5,7,11,11,11,20,7,16,17,9,9,3,10,14,1,8
10,3,9,4,0,6,5,0,3,7,4,0,7,9,2,0,8,5,3,1,2,1,9,5,3,4,2,8,1,8,8,0,7,1,5,6,4
11,8,3,12,14,17,14,6,4,1,7,5,11,18,12,1,2,19,15,0,11,7,1,3,4,19,4,19,9,3,5,11,0,20,18,6,16
12,2,0,1,1,1,0,0,0,2,2,1,2,2,2,0,0,1,1,2,2,0,0,2,2,2,1,2,2,1,2,1,2,1,1,1,0
13,14,16,7,16,0,14,8,18,16,8,6,11,7,5,3,16,18,17,10,11,4,14,6,6,7,20,18,13,9,14,16,15,8,20,2,2
14,2,5,18,10,27,4,1,11,18,30,30,10,18,26,0,8,27,6,12,8,6,21,12,25,3,16,8,0,14,10,9,12,12,18,8,15
15,9,0,1,6,10,1,8,4,1,8,4,7,5,1,2,0,9,7,2,6,1,7,3,9,6,10,4,1,10,9,3,2,9,2,5,2
16,7,8,0,12,6,19,15,14,15,4,18,1,17,13,19,9,16,4,7,20,10,1,8,3,13,14,10,0,15,6,0,5,15,6,7,14
17,9,2,8,8,8,20,5,5,6,14,17,8,9,16,6,10,13,1,15,11,14,12,20,7,6,17,12,20,14,7,19,19,17,5,20,9
18,6,6,5,2,2,5,6,5,1,5,7,4,4,7,6,5,0,5,3,5,0,3,5,0,1,6,3,5,2,1,0,3,1,4,0,0
19,25,29,11,4,21,3,20,25,0,18,14,22,26,1,4,5,14,16,21,20,25,7,4,28,20,24,30,15,24,23,21,23,26,25,12,9
20,16,16,7,17,10,18,15,20,16,8,12,7,7,19,10,0,16,15,2,5,18,10,11,10,14,14,2,5,2,11,14,13,20,19,0,8
21,27,10,4,22,18,18,21,26,14,23,5,3,15,7,23,5,24,5,3,13,15,25,28,19,20,14,27,1,4,23,13,1,5,27,24,29
22,0,1,1,0,2,9,4,2,4,6,0,9,1,1,2,3,9,1,4,1,6,0,8,0,3,6,9,3,8,2,1,4,3,9,0,4
23,7,0,7,1,7,7,9,9,1,10,9,9,9,8,10,8,1,3,4,5,6,6,10,5,7,3,1,4,6,8,9,3,9,2,0,4
24,7,4,6,5,6,7,1,3,5,2,1,7,2,1,0,5,4,8,4,6,0,1,0,1,2,6,6,3,5,4,7,0,2,7,1,7
25,4,7,5,7,5,8,8,10,5,6,3,8,4,8,7,1,5,1,2,3,8,5,10,6,0,7,0,0,10,9,9,0,9,8,9,9
26,1,9,7,7,5,5,5,0,7,1,5,5,6,6,1,0,7,7,10,9,10,5,1,3,1,5,8,7,8,7,8,1,4,10,7,4
27,18,20,5,11,1,15,8,17,0,1,2,13,20,6,0,11,8,1,2,9,9,10,17,2,8,3,6,13,4,8,4,14,4,13,2,12
28,5,1,4,0,4,1,0,6,6,1,1,6,4,3,6,3,3,1,0,3,2,3,5,2,6,4,5,3,0,3,0,3,5,3,4,4
29,0,7,6,9,7,0,8,4,3,10,0,9,0,0,10,2,8,7,8,5,8,9,5,1,7,2,2,5,0,10,0,1,2,5,3,4
30,14,11,17,5,13,20,0,1,3,4,16,17,2,0,3,11,10,1,5,13,2,4,8,18,11,15,13,14,7,5,18,15,5,6,15,10
31,30,17,16,25,26,11,20,16,22,7,9,9,7,21,4,7,10,15,6,29,20,8,8,3,28,23,9,7,11,12,27,27,29,26,16,11
32,3,4,3,2,1,2,2,3,1,0,0,2,2,1,0,3,1,0,0,3,4,2,0,3,4,2,4,3,1,2,2,3,1,2,3,2
33,11,13,11,0,8,9,24,15,7,14,22,1,22,25,10,12,7,23,12,21,15,14,30,14,30,2,18,7,26,5,2,7,5,6,10,21
34,1,1,4,1,3,0,4,1,4,0,4,0,4,3,3,3,3,2,1,0,0,0,3,4,1,1,4,1,3,1,3,3,3,3,0,0
35,18,30,27,4,0,0,5,23,25,3,19,29,16,19,7,7,15,24,28,4,14,18,29,13,21,5,14,2,1,3,17,9,1,18,20,29
36,19,20,7,12,12,5,0,1,8,0,0,2,9,12,12,4,13,9,20,10,4,19,19,7,2,12,14,11,13,8,2,13,13,2,17,19
37,4,20,0,24,3,17,1,28,17,13,21,10,16,14,2,21,25,14,13,16,25,10,17,27,15,0,18,29,13,26,1,24,18,25,7,24
38,4,0,9,0,3,6,9,9,6,0,6,4,2,8,7,9,8,5,2,10,1,1,10,0,4,7,1,6,0,7,6,1,4,7,5,7
39,18,4,8,19,8,9,7,24,13,20,7,26,16,2,6,14,3,14,22,24,30,29,24,0,16,0,15,9,17,7,29,27,13,0,11,14
40,8,13,19,3,11,2,18,7,7,7,0,0,2,3,16,12,12,19,17,14,6,1,2,14,1,0,19,17,3,9,2,19,10,12,6,13
41,0,0,3,4,3,1,1,3,1,0,2,0,4,1,1,2,2,4,1,1,4,3,1,4,2,1,2,0,1,3,3,2,1,3,4,3
42,6,11,16,19,14,29,25,11,23,8,25,12,22,30,14,19,19,25,25,7,1,16,6,17,1,0,11,7,2,14,9,4,28,29,13,23
43,4,13,9,10,0,2,3,7,17,15,3,3,14,7,19,10,15,11,7,1,14,20,16,19,3,14,7,18,16,10,0,2,13,16,8,4
44,10,6,10,24,6,7,29,18,10,18,9,25,9,22,14,11,13,17,4,14,28,4,19,17,14,10,24,19,21,6,4,17,19,3,9,30
45,19,8,23,18,29,14,16,2,14,11,0,30,1,13,13,13,26,21,25,4,6,29,19,8,24,1,19,4,21,10,27,24,25,16,2,2
46,16,14,8,8,1,0,16,18,16,1,6,7,20,3,5,5,3,14,17,14,18,6,20,0,11,1,13,4,18,18,11,12,10,2,18,19
47,0,11,20,18,6,12,9,17,7,4,7,5,16,18,16,14,12,2,16,0,7,12,14,13,10,17,17,1,20,17,7,20,20,3,5,20
48,3,9,11,4,14,19,1,5,5,4,6,18,1,11,17,16,12,12,3,15,15,1,20,8,1,1,14,17,20,13,12,2,7,18,9,10
49,2,2,9,1,7,10,0,6,2,6,1,0,4,4,10,6,8,5,5,8,9,7,0,1,1,0,10,8,6,9,0,8,2,2,7,6
50,6,0,5,6,6,2,1,7,1,7,5,7,4,6,2,7,1,2,2,1,4,5,3,0,3,3,5,3,5,7,7,6,7,0,4,5
51,13,13,14,17,7,2,2,20,2,4,3,3,12,8,19,17,1,17,9,11,2,5,16,20,10,9,14,5,7,2,13,9,13,1,10,5
52,12,4,12,19,3,12,11,12,19,8,15,5,14,18,12,3,1,14,19,5,2,2,10,3,11,16,18,3,10,15,9,19,0,3,14,16
53,4,16,1,12,15,11,1,7,15,22,21,21,21,12,4,11,11,2,10,11,1,8,27,29,0,29,24,24,11,5,17,13,23,24,6,24
54,5,2,0,0,2,5,2,5,1,4,4,2,0,0,1,0,2,3,2,4,5,3,3,1,1,2,5,0,3,5,4,2,4,0,4,1
55,5,4,1,5,6,5,8,6,10,0,4,0,4,1,2,8,3,3,7,8,9,9,2,7,8,0,9,9,3,9,2,1,4,10,3,3
56,0,2,0,0,0,0,1,1,1,2,0,0,0,0,0,1,0,1,2,2,1,2,2,1,2,2,0,1,2,1,1,2,1,1,2,1
57,11,11,9,9,8,11,13,12,12,7,5,6,0,4,3,14,1,18,14,18,15,18,14,1,0,20,13,20,8,17,5,13,17,10,5,12
58,4,4,2,1,6,0,3,8,11,18,19,17,10,8,19,9,0,8,13,10,1,9,18,3,0,5,9,9,5,5,13,12,7,8,4,6
59,0,12,13,0,15,15,3,2,11,16,5,4,2,13,6,10,16,4,8,2,15,18,7,12,19,8,18,1,11,7,3,6,15,6,2,9
60,9,5,6,4,1,0,6,10,2,3,0,1,10,2,3,4,5,0,9,8,6,0,8,10,7,10,2,2,3,1,4,2,7,0,4,8
61,8,7,1,10,7,7,3,1,9,7,7,1,8,5,8,2,5,2,1,10,10,2,9,1,9,3,2,3,1,2,8,3,2,3,9,4
62,5,4,3,4,1,3,3,0,1,1,2,2,2,6,4,0,3,2,0,5,0,4,0,5,3,2,2,5,4,1,2,6,0,1,3,5
63,2,2,3,3,3,0,2,1,2,1,2,2,2,1,3,1,2,0,3,3,3,0,3,1,1,0,1,0,3,1,3,2,3,0,0,2
64,21,1,29,13,4,13,3,29,30,26,9,25,0,16,25,25,0,12,12,19,28,8,13,2,21,18,27,24,12,25,5,23,24,23,5,3
65,3,0,5,8,7,8,6,8,5,0,0,4,5,8,9,7,2,1,6,4,4,1,5,5,10,0,8,5,5,5,5,7,1,0,3,7
66,7,5,12,5,8,3,9,2,3,2,3,1,2,1,17,19,7,11,11,18,20,16,4,14,2,11,2,5,19,7,3,3,10,18,12,2
67,7,9,3,8,4,10,8,4,6,9,0,2,8,8,3,0,2,9,7,9,1,4,9,1,8,9,9,7,4,1,2,0,1,9,1,3
68,13,16,20,12,8,18,19,3,6,2,19,1,15,7,20,5,20,5,3,3,19,10,8,2,4,1,6,2,1,7,17,15,1,4,4,8
69,22,0,20,0,7,15,14,11,17,29,30,22,11,14,6,28,5,15,17,21,13,25,14,30,13,4,26,14,26,7,9,11,18,2,1,6
70,4,3,8,9,3,0,3,1,8,8,0,3,7,1,7,1,10,4,8,1,3,9,6,0,2,6,9,1,7,7,0,8,2,7,1,5
71,4,4,3,3,3,1,4,0,2,4,0,4,2,2,0,4,2,1,2,1,4,1,2,2,4,0,4,0,2,4,1,3,1,1,0,0
72,6,9,1,5,3,16,19,27,18,4,23,27,29,11,25,24,6,6,5,28,14,27,23,29,28,5,1,8,16,22,4,29,21,24,22,3
73,0,29,22,0,2,0,18,23,25,20,6,17,2,19,3,22,16,23,12,13,30,22,23,22,26,27,25,14,19,14,18,18,26,26,20,10
74,9,10,20,6,17,15,1,15,14,10,20,3,19,17,16,5,20,12,20,14,10,7,2,19,20,3,19,19,6,8,16,8,17,9,0,18
75,2,12,19,17,0,15,12,4,16,0,9,10,16,17,5,13,16,3,12,1,0,12,9,4,3,2,20,17,10,5,15,19,15,3,13,16
76,8,3,9,9,4,1,6,4,8,8,7,1,10,4,10,0,2,8,6,5,8,6,3,0,10,2,5,2,6,9,0,7,10,6,5,6
77,10,9,4,9,0,4,2,8,10,3,4,6,7,9,5,2,4,0,6,1,5,3,5,0,8,5,4,2,6,1,1,2,10,5,4,0
78,6,25,22,17,7,18,2,2,10,9,8,16,20,0,1,27,7,7,17,5,12,22,0,15,22,8,27,19,0,1,28,14,8,8,20,26
79,0,5,5,5,0,0,3,5,10,1,8,9,4,10,7,1,3,5,1,3,7,5,3,3,0,8,2,5,2,10,7,10,1,9,8,8
80,0,2,2,3,3,3,0,0,1,0,1,0,3,0,2,0,4,1,4,2,3,4,0,3,2,0,0,4,1,1,3,1,3,2,4,1
81,4,0,4,2,0,7,7,7,0,2,6,1,7,6,7,7,6,5,6,7,7,7,1,2,6,7,1,6,1,1,1,5,0,0,4,6
82,3,2,6,3,0,9,10,0,5,4,1,3,4,1,7,0,2,2,9,3,7,0,10,6,0,9,1,0,2,5,9,5,10,6,9,6
83,17,16,4,9,13,8,5,4,0,0,11,5,13,0,5,18,12,15,8,14,19,6,17,14,18,3,15,14,3,4,12,2,5,11,4,3
84,2,2,2,1,4,0,2,3,4,4,4,0,1,1,0,2,1,4,1,2,3,1,4,2,3,0,1,2,0,3,4,0,0,3,3,1
85,16,9,5,4,20,14,11,13,17,3,14,9,18,14,18,7,17,17,18,10,6,10,18,4,20,20,16,12,11,6,8,3,11,19,7,11
86,1,27,20,4,12,14,21,15,29,7,8,2,6,28,12,3,23,28,4,18,18,11,22,10,17,19,19,15,16,1,24,27,0,8,15,0
87,4,4,9,7,8,8,9,8,0,7,10,9,3,3,3,9,3,5,5,1,4,1,9,1,0,4,2,5,2,10,7,8,10,3,3,1
88,4,3,1,0,4,0,1,5,2,4,0,3,3,1,5,3,3,0,4,0,4,2,2,0,5,1,5,4,1,4,1,5,3,1,5,4
89,17,3,6,4,3,11,16,8,11,18,0,4,1,7,16,1,20,7,17,13,6,8,7,4,0,3,11,20,19,6,7,1,6,1,2,13
90,14,3,12,17,17,13,14,14,7,5,2,13,18,1,17,11,15,6,7,10,8,18,12,12,4,12,12,11,3,6,12,18,6,15,14,12
91,8,5,3,4,1,0,5,2,7,4,3,5,6,8,1,6,3,2,2,9,6,8,0,0,1,8,7,6,6,6,1,6,1,4,2,8
92,5,2,9,4,10,7,5,7,9,1,6,8,8,4,9,5,8,8,9,1,5,2,3,4,1,1,1,2,9,10,1,7,3,8,7,9
93,11,17,10,14,5,13,17,4,2,2,7,11,13,19,20,3,17,19,16,10,0,16,14,0,4,4,7,19,0,1,18,15,4,12,6,5
94,7,6,8,3,1,0,1,0,0,0,8,8,2,1,5,7,1,6,4,1,4,7,1,6,2,6,3,7,3,2,1,3,5,6,1,2
95,2,9,4,3,3,2,1,1,5,4,10,2,1,10,2,9,2,2,7,9,10,3,8,0,2,0,9,0,6,6,3,6,8,4,5,1
96,13,13,19,7,6,10,18,3,0,12,20,15,18,2,6,19,19,0,8,12,20,8,9,14,3,16,1,5,18,5,3,14,1,16,2,6
97,22,10,19,11,13,2,24,18,4,22,9,4,27,30,26,9,7,1,10,20,19,0,8,20,15,12,25,7,24,1,4,13,23,13,25,30
98,8,1,5,9,0,3,1,8,0,5,8,5,5,0,2,6,1,6,6,3,4,10,6,1,6,0,7,5,9,6,10,10,2,8,3,3
99,19,4,4,8,11,6,13,6,12,1,4,0,7,7,13,14,15,15,10,12,13,10,16,12,8,5,6,13,5,8,13,14,20,2,17,15
100,15,25,9,5,10,8,24,17,2,12,3,15,10,11,18,29,25,29,30,4,14,25,17,23,16,28,21,29,30,6,23,13,4,6,3,20
101,9,7,5,7,1,8,9,8,1,5,5,5,1,3,7,1,6,3,3,1,2,1,7,8,7,3,5,2,7,0,3,6,0,2,4,3
102,4,0,2,8,5,8,3,1,9,6,8,2,0,7,3,5,9,4,2,8,7,3,6,0,2,8,9,5,7,7,4,6,0,8,2,0
103,13,5,11,14,5,0,3,6,8,2,16,17,1,1,4,16,15,3,18,17,7,12,12,16,1,9,0,4,5,2,10,14,0,6,0,20
104,7,5,0,5,4,9,3,1,2,4,10,1,6,4,9,8,2,2,4,3,7,9,9,9,1,0,8,7,8,3,8,3,8,6,0,6
105,4,1,3,3,1,1,0,4,1,3,5,0,3,1,1,1,1,3,3,3,2,3,3,3,3,5,1,4,4,5,3,0,3,0,5,3
106,3,6,4,7,3,0,2,4,7,7,2,7,6,7,2,5,4,4,1,7,7,2,0,2,3,2,4,4,0,4,4,2,1,3,1,2
107,2,3,2,4,5,3,0,3,3,1,0,4,1,4,0,0,0,5,2,5,2,4,3,0,0,4,0,0,5,5,4,3,4,0,3,4
108,18,11,5,15,14,8,2,18,8,19,10,15,7,18,20,20,15,19,3,9,3,17,16,19,6,5,12,19,16,11,5,12,9,6,10,10
109,6,5,4,10,0,1,9,8,3,3,4,10,1,8,8,9,3,2,3,3,7,4,0,6,5,10,6,10,6,2,2,2,5,7,6,3
110,8,9,3,8,6,2,9,4,0,3,1,6,6,5,5,0,8,1,1,1,6,3,4,7,2,7,7,8,4,5,1,7,3,4,1,10
111,3,1,8,10,3,4,8,0,10,6,6,2,0,2,3,5,0,4,3,9,6,6,2,9,2,3,4,4,2,7,0,3,2,9,2,9
112,17,6,4,3,3,2,4,12,17,1,7,20,13,17,14,19,20,7,1,19,20,9,14,9,16,10,20,18,1,11,4,13,1,15,18,15
113,9,4,1,5,10,0,3,2,8,4,3,9,2,6,5,9,10,10,5,1,1,5,6,0,6,2,0,5,3,4,6,4,3,2,4,0
114,1,1,4,3,8,0,10,6,9,4,1,1,8,1,7,5,7,3,2,10,8,0,1,5,0,7,1,6,2,6,4,8,10,7,8,7
115,1,14,6,20,11,12,6,18,10,0,2,11,5,9,4,16,6,3,6,1,1,18,17,12,5,5,7,7,8,3,19,11,20,1,14,19
116,8,21,29,28,7,26,7,17,25,9,21,30,12,19,9,4,22,6,9,8,19,18,7,19,26,20,7,4,28,6,0,29,22,28,15,29
117,9,6,2,9,8,3,7,0,6,7,10,7,4,10,10,7,3,3,8,3,3,9,6,8,8,3,9,7,1,0,5,10,5,0,9,4
118,0,2,4,3,3,5,3,0,1,4,1,4,4,4,4,0,5,2,1,4,3,2,1,2,1,3,3,3,1,4,5,5,1,5,5,2
119,3,8,0,16,20,4,1,18,2,20,8,16,10,2,7,12,16,20,5,2,1,11,14,10,15,18,4,9,15,1,5,19,18,20,17,10
120,11,15,0,12,15,1,7,19,4,3,10,0,15,18,5,10,9,1,19,7,4,18,1,15,18,20,19,5,10,13,19,10,3,8,2,3
121,6,0,0,1,3,0,5,6,0,0,4,2,6,5,1,1,4,7,1,0,2,6,6,5,6,4,4,2,2,1,4,7,3,6,6,3
122,3,17,11,4,18,19,4,10,4,28,5,14,25,24,12,23,6,20,7,23,20,2,22,7,6,13,27,25,4,3,12,20,28,19,30,6
123,19,12,14,16,19,7,19,0,17,9,11,4,5,13,2,15,9,2,18,9,8,4,19,5,10,11,1,5,13,16,9,7,12,20,1,3
124,1,9,8,5,6,9,1,1,8,4,10,9,4,4,4,0,0,6,0,7,3,3,3,10,7,0,2,3,3,3,0,6,9,5,2,10
125,12,12,13,8,3,3,0,2,6,0,9,6,17,18,13,14,18,16,19,2,14,16,5,0,20,11,16,12,3,4,20,19,7,4,14,4
126,0,1,3,6,5,2,5,3,0,4,4,2,2,3,6,1,4,2,5,6,0,3,1,6,1,0,2,6,1,2,2,2,2,0,0,1
127,7,10,12,8,18,4,18,2,2,0,17,0,7,10,12,17,6,2,12,11,7,12,17,16,6,19,16,15,19,6,5,3,7,8,6,3
128,19,17,8,20,30,16,28,19,16,21,12,27,16,4,14,28,23,24,0,7,18,16,7,5,28,24,17,19,1,6,3,30,2,29,1,4
129,2,5,4,2,0,5,3,5,1,5,5,3,3,2,7,7,5,6,7,4,0,5,6,1,4,1,3,6,2,5,6,5,1,4,1,1
130,2,1,4,16,18,10,9,5,17,14,8,3,17,15,16,9,5,16,4,6,2,2,18,2,3,5,12,15,9,5,12,5,1,11,18,10
131,8,18,2,17,18,19,6,10,12,1,0,13,2,10,11,14,13,9,4,17,11,16,7,19,1,5,5,4,9,1,4,3,2,8,1,5
132,1,5,9,2,4,4,7,6,9,3,5,1,4,6,5,2,2,3,1,3,5,2,2,3,4,5,7,9,6,6,0,0,8,7,2,6
133,0,1,0,0,1,0,0,1,1,1,0,1,0,0,1,1,1,0,1,1,0,1,0,1,0,1,0,1,1,0,0,0,0,0,0,1
134,2,3,3,3,1,2,1,0,0,0,2,0,2,2,2,0,2,2,2,1,0,2,2,0,1,3,1,1,1,2,3,3,2,2,0,0
135,1,0,1,2,2,0,0,0,2,1,0,1,1,0,2,2,0,2,2,2,0,1,1,2,0,2,1,2,2,0,0,0,0,0,0,2
136,5,17,20,10,3,5,2,17,11,0,2,5,19,9,1,12,14,12,1,13,3,3,15,7,9,2,16,1,1,18,11,17,8,3,12,18
137,2,9,0,8,0,6,2,10,2,10,4,2,1,10,1,6,7,3,3,8,3,3,5,1,5,0,10,3,3,6,10,0,8,10,2,10
138,8,4,10,5,0,4,8,5,0,2,8,2,7,5,7,2,0,6,4,2,1,4,9,4,5,0,5,5,9,4,0,1,1,7,3,5
139,9,7,8,8,3,9,8,8,1,1,6,10,5,1,7,4,4,3,1,7,1,10,5,9,10,6,6,10,9,6,0,10,3,6,9,10
140,3,9,9,5,2,1,0,2,4,8,5,8,10,4,0,6,6,2,9,7,0,2,3,8,4,4,3,8,5,9,8,5,8,0,6,5
141,23,26,11,25,17,3,0,9,10,29,30,7,17,17,6,17,15,26,21,17,17,14,11,5,27,6,2,2,3,30,27,19,11,18,26,27
142,1,8,4,5,9,10,1,1,0,3,2,3,7,2,6,5,7,10,6,5,8,4,6,3,3,5,1,2,9,0,2,3,9,9,9,0
143,2,2,0,1,0,1,2,0,1,2,1,2,0,1,2,1,2,2,1,1,1,0,0,2,0,2,0,0,1,1,1,1,1,1,0,2
144,8,8,8,8,4,7,0,7,5,8,1,2,0,0,2,7,0,1,7,3,0,1,3,6,2,4,4,0,1,4,3,5,2,7,1,2
145,6,7,9,6,2,6,3,10,2,8,8,3,8,7,4,10,1,1,8,3,10,0,2,4,2,2,0,1,5,4,7,1,3,5,1,4
146,7,6,11,9,4,11,9,5,7,20,11,0,11,1,16,12,11,14,8,12,6,2,14,14,19,19,16,4,18,4,8,15,19,19,9,1
147,5,6,4,2,9,0,7,3,2,8,10,3,10,1,8,2,4,4,9,7,0,5,0,0,5,3,3,1,1,10,1,3,8,3,8,8
148,8,4,2,1,10,9,0,9,4,10,7,3,8,10,4,10,6,9,7,8,2,1,2,3,3,5,4,9,4,4,6,6,6,7,7,6
149,28,29,0,27,27,23,8,7,16,4,30,22,17,13,18,21,27,12,20,25,1,20,21,5,15,2,25,18,5,30,9,0,0,18,26,25
150,28,16,9,26,9,5,9,14,25,6,21,6,4,27,1,7,8,12,20,9,25,30,24,11,26,14,26,23,28,20,6,16,1,29,19,24
151,2,3,2,0,2,4,1,4,1,0,3,3,4,2,2,1,0,1,2,4,2,2,4,0,1,4,3,2,3,0,4,0,4,0,4,3
152,9,1,4,9,10,3,9,8,7,5,4,1,0,2,1,3,5,1,8,10,3,9,7,2,6,10,6,8,4,7,1,4,1,4,6,9
153,15,17,5,2,3,14,13,5,12,3,3,0,15,16,3,12,14,6,9,14,20,12,10,9,0,7,0,4,10,18,16,6,0,17,10,18
154,4,7,8,2,1,0,5,3,7,2,7,4,8,8,2,6,7,6,2,5,8,1,0,1,4,7,5,4,2,5,2,1,1,3,7,2
155,6,6,14,11,5,17,4,20,3,5,10,3,4,16,19,15,15,3,12,18,16,4,5,16,17,9,2,16,3,19,6,8,1,5,7,12
156,5,2,3,2,1,6,0,3,6,5,2,2,0,5,2,2,6,6,5,2,5,6,6,2,0,3,1,5,6,0,5,6,3,2,5,2
157,9,9,1,2,2,4,3,10,5,9,3,2,5,0,2,2,0,5,5,5,3,9,5,5,9,8,8,5,6,1,7,2,9,5,4,7
158,9,23,2,15,21,3,12,1,5,6,6,22,17,14,11,8,6,14,29,8,0,7,22,19,28,30,15,29,29,20,4,29,23,23,18,5
159,4,28,0,13,8,9,23,21,12,8,3,14,1,10,18,7,1,12,0,4,12,24,20,22,29,16,24,18,4,8,10,29,4,17,9,24
160,0,2,3,3,0,3,0,1,0,3,2,2,2,2,3,1,1,3,2,0,2,0,3,1,3,0,2,1,2,0,2,1,2,3,0,3
161,3,3,0,2,1,0,0,0,0,2,3,1,0,1,1,3,2,1,3,0,3,0,0,2,3,3,0,0,0,1,2,3,1,2,3,3
162,5,9,1,7,10,4,12,15,11,6,20,1,11,8,19,2,0,2,3,8,4,11,20,10,20,1,10,5,10,1,12,16,17,17,12,10
163,1,0,2,0,0,2,1,1,2,1,2,2,2,2,2,0,2,0,2,2,0,2,1,0,3,1,3,2,1,3,1,1,3,2,1,2
164,19,27,5,23,24,22,8,24,9,25,5,9,3,9,27,2,12,22,20,11,23,9,22,30,27,3,27,15,21,25,30,10,21,13,13,14
165,0,16,2,1,11,11,1,13,5,12,19,4,2,8,14,12,7,7,7,20,20,18,15,14,3,13,4,6,19,5,3,1,7,0,3,8
166,3,2,9,8,5,0,3,0,8,9,5,6,4,2,4,3,2,4,8,1,6,6,2,4,2,6,5,6,4,7,3,0,2,5,0,8
167,5,7,10,19,18,2,13,14,13,1,2,15,2,5,20,5,20,15,20,14,19,16,20,3,1,12,14,19,0,8,6,4,10,20,4,5
168,10,2,2,2,9,4,0,10,10,5,6,3,3,4,5,6,8,8,6,10,7,1,6,5,4,2,3,2,7,6,1,4,0,10,5,6
169,19,8,0,18,7,6,9,10,6,8,5,9,17,20,2,4,6,0,17,18,7,9,14,15,3,1,13,3,11,13,0,7,3,19,3,18
170,28,19,21,21,26,22,2,7,26,0,25,26,7,26,27,18,25,6,17,1,22,29,27,7,12,30,8,21,25,6,22,12,16,26,6,25
171,19,5,5,14,27,7,12,25,4,8,18,22,15,13,15,19,12,17,12,25,10,2,12,24,17,4,1,25,25,15,25,25,16,24,25,10
172,28,16,26,26,28,23,14,6,16,14,27,29,0,5,27,14,15,28,0,28,24,16,14,2,21,6,28,25,13,9,25,19,12,9,23,29
173,1,4,6,5,3,6,6,5,4,6,5,6,3,2,2,0,3,3,0,0,3,4,0,2,3,4,5,6,0,3,1,0,5,2,2,5
174,9,9,9,6,8,5,0,1,7,6,2,0,9,8,5,5,9,3,6,6,9,5,2,2,0,3,9,8,0,3,2,9,4,1,2,2
175,1,5,4,4,4,0,4,1,5,4,5,4,2,2,4,4,2,0,5,4,3,2,5,3,0,1,3,5,1,3,0,4,5,2,0,5
176,9,18,1,6,11,2,4,10,2,15,0,7,20,11,10,19,18,12,15,4,15,3,6,20,4,13,8,20,4,18,14,6,13,16,0,10
177,1,4,2,0,3,2,0,6,0,9,0,7,7,9,4,2,0,7,2,9,2,1,7,6,1,2,4,6,4,8,6,1,9,7,5,0
178,3,0,7,20,14,20,9,16,18,0,1,16,14,8,9,16,1,20,3,7,10,10,4,1,5,14,0,15,1,8,10,2,16,12,6,20
179,3,9,8,8,1,7,5,8,4,4,7,5,8,3,10,6,10,10,6,8,1,3,3,7,7,8,7,4,5,1,9,10,10,10,2,1
180,15,2,9,2,6,19,20,9,10,3,17,16,9,17,3,9,9,4,0,15,17,5,17,18,12,6,7,20,9,16,17,3,17,12,2,20
181,25,19,17,24,1,17,5,12,14,20,19,23,10,13,20,28,16,29,16,11,19,15,26,11,29,13,15,3,18,15,30,3,28,6,9,24
182,9,7,3,2,3,4,4,10,5,3,9,4,2,1,5,7,9,0,3,3,10,9,1,10,5,7,8,5,5,9,2,3,8,1,6,0
183,3,5,9,7,8,7,8,9,4,6,7,1,3,7,4,4,3,2,8,6,6,1,3,0,1,6,3,2,6,7,4,7,4,5,3,1
184,4,8,2,1,3,9,5,4,1,9,5,9,1,6,9,4,1,4,6,2,3,2,8,4,5,1,2,1,6,3,1,2,8,0,8,7
185,5,20,14,16,18,29,6,16,21,2,1,5,19,11,17,14,29,27,3,26,18,9,20,15,26,30,23,29,13,9,15,22,1,9,28,17
186,4,4,4,1,2,2,3,2,0,2,0,3,3,2,2,3,0,2,2,2,3,4,0,0,2,4,2,0,4,4,4,3,0,4,2,2
187,2,2,9,0,3,7,1,9,0,5,0,4,9,3,8,1,5,1,2,9,1,3,1,3,3,2,7,3,7,7,7,1,8,1,5,8
188,9,10,8,10,8,1,8,4,6,7,4,0,5,7,10,3,9,9,5,8,5,5,0,1,10,5,3,10,0,4,9,2,6,1,3,6
189,0,8,2,1,2,5,3,3,1,9,5,7,5,1,1,2,2,10,10,2,10,9,8,8,2,5,0,8,5,0,2,7,4,9,2,0
190,6,7,3,7,7,4,0,9,2,6,9,1,2,2,2,4,1,3,4,1,5,0,1,9,7,1,5,9,3,3,0,3,3,2,5,8
191,2,3,3,3,3,0,3,0,2,2,0,2,1,1,0,2,2,1,2,1,1,2,2,2,3,3,2,2,2,3,0,1,2,3,3,2
192,1,28,19,25,10,24,24,22,17,28,14,0,16,26,7,9,27,25,21,27,2,23,15,13,21,13,16,26,12,21,0,27,16,17,1,0
193,0,4,7,8,5,5,7,6,2,7,4,7,2,9,7,9,7,4,1,9,8,5,4,6,7,7,0,7,2,9,2,5,10,8,8,2
194,6,9,19,7,6,7,10,16,10,12,11,7,30,27,12,18,13,11,26,28,15,9,19,30,10,11,25,28,27,7,0,19,15,4,28,4
195,8,7,1,4,8,6,4,4,4,2,4,8,1,2,0,3,0,7,6,6,5,6,5,3,2,8,2,3,5,0,7,2,1,2,4,7
196,1,0,7,2,10,3,3,8,9,0,5,8,2,2,4,9,9,1,7,0,0,8,9,5,7,8,9,8,2,2,8,5,4,2,9,5
197,0,6,3,6,3,7,1,3,4,5,8,10,6,3,8,10,9,3,6,9,3,5,0,7,10,7,2,0,0,4,8,1,1,0,9,3
198,14,0,16,0,1,16,13,12,7,20,17,14,9,12,1,3,1,18,14,1,4,10,4,2,18,4,3,2,14,15,19,16,11,12,20,0
199,0,1,0,0,1,1,1,1,1,1,0,0,0,1,0,1,1,0,0,0,1,0,0,0,1,1,1,1,0,0,1,0,0,0,1,0
200,3,8,7,0,2,10,10,0,5,2,5,4,3,8,0,4,5,6,5,3,3,7,2,10,7,3,9,7,6,8,0,8,8,6,8,2
201,15,28,3,20,22,7,5,10,1,4,7,2,12,6,2,7,2,28,23,30,7,14,10,24,22,18,1,13,9,6,14,24,11,26,24,18
202,5,3,2,2,6,2,5,2,1,0,6,3,3,2,7,2,1,7,4,6,2,0,1,7,3,1,3,1,1,5,5,2,0,1,2,7
203,4,17,9,2,17,17,1,6,19,14,5,15,16,17,1,8,18,16,2,2,10,7,6,5,7,19,0,18,9,15,12,3,0,5,19,10
204,24,28,17,23,26,21,4,3,18,24,28,27,11,6,29,10,24,29,19,12,1,23,9,20,3,20,27,24,17,19,25,16,2,21,7,24
205,4,3,8,5,3,8,1,8,7,8,1,10,4,7,2,1,9,10,1,6,7,6,6,9,1,6,9,9,6,1,10,0,10,4,3,1
206,1,2,0,7,2,4,7,2,0,1,3,9,5,3,6,5,2,5,4,1,4,6,1,5,6,9,2,1,5,9,8,2,9,9,1,9
207,29,0,3,23,16,24,15,18,21,2,22,30,17,16,0,27,5,0,7,20,10,17,15,8,9,20,25,7,29,5,21,10,0,0,6,10
208,7,5,9,0,7,10,10,10,7,2,1,10,6,2,1,2,0,2,10,5,10,3,1,7,6,10,6,1,3,6,0,3,9,5,4,4
209,18,5,16,0,14,6,15,19,17,1,12,20,5,12,15,5,14,8,4,7,1,10,11,13,15,20,0,15,18,13,6,6,2,5,16,13
210,0,7,4,1,0,1,8,6,3,4,0,5,6,10,2,3,0,1,6,0,5,1,8,7,0,8,9,2,5,10,6,2,5,7,6,8
211,15,14,4,2,3,4,15,5,12,18,13,7,6,4,8,7,19,11,13,16,8,8,12,6,7,4,3,11,2,0,7,12,4,14,15,2
212,1,14,9,5,11,6,20,9,18,17,9,4,13,17,2,12,15,19,12,11,10,9,8,6,0,17,6,14,17,13,3,18,3,0,10,16
213,14,6,20,9,12,19,17,6,7,0,8,13,14,18,9,1,0,18,3,8,14,0,6,12,5,8,14,12,6,5,19,6,9,14,4,15
214,20,2,5,16,6,3,20,5,17,15,1,3,4,12,3,1,7,2,17,4,19,18,10,3,2,19,9,12,14,14,12,15,9,5,7,11
215,14,17,7,5,11,7,3,13,25,7,17,19,8,27,17,7,26,26,27,16,10,17,29,11,14,22,8,0,21,11,1,4,3,14,8,3
216,10,6,8,1,6,7,8,6,9,4,2,2,8,3,4,9,7,4,4,0,6,1,3,1,1,5,7,5,10,5,8,6,10,9,8,4
217,19,14,20,2,6,6,4,11,12,13,0,13,17,16,10,13,16,18,14,19,7,2,5,20,12,7,19,11,5,5,10,19,10,3,14,1
218,3,4,2,1,4,3,1,2,4,2,3,2,2,1,3,1,1,3,1,3,1,2,3,1,1,2,4,3,0,2,0,3,4,1,1,3
219,20,0,4,11,2,11,4,17,6,13,20,6,14,19,8,5,16,9,0,3,6,9,9,3,3,16,5,13,11,16,14,15,16,3,17,12
220,3,11,5,9,17,11,15,15,15,9,6,4,14,13,14,4,12,1,13,13,0,4,3,9,3,19,4,13,11,1,9,7,4,8,13,12
221,13,1,0,18,19,10,19,2,14,5,6,18,19,8,10,18,2,12,3,13,3,2,15,15,14,20,14,19,9,15,15,15,10,3,8,3
222,10,8,19,6,15,3,16,0,11,3,10,2,9,20,0,19,3,13,4,13,17,19,6,6,12,17,16,4,19,9,14,18,18,16,8,12
223,6,18,14,2,20,21,26,17,23,2,5,18,14,8,6,5,6,24,28,7,15,22,10,7,0,28,9,19,4,23,6,3,6,0,2,17
224,1,7,10,4,8,10,1,1,4,1,4,0,3,2,9,4,10,9,3,2,4,3,3,5,10,1,2,4,7,3,3,6,5,7,0,10
225,2,2,0,3,1,2,4,3,0,5,3,2,2,1,4,0,2,0,2,0,1,4,3,3,3,3,5,0,5,3,2,0,2,5,0,2
226,1,2,1,2,1,0,1,2,1,1,0,0,0,1,1,2,0,0,0,2,1,2,1,2,1,0,2,0,1,1,2,1,1,2,2,0
227,14,12,7,7,18,4,16,8,9,4,18,8,19,12,8,0,20,20,14,18,18,0,5,1,16,11,16,14,7,6,11,2,8,3,14,4
228,19,4,10,19,14,13,16,0,23,27,19,15,20,10,16,15,11,17,13,15,7,11,15,17,23,21,18,29,12,0,5,12,7,4,12,13
229,19,5,4,4,15,18,8,5,5,17,1,8,0,11,18,8,0,2,9,19,2,15,12,9,7,2,15,15,20,9,8,9,17,12,13,18
230,8,10,1,4,10,9,4,3,1,8,9,5,0,5,0,3,1,7,8,1,0,0,0,3,10,9,9,4,8,5,3,1,9,6,1,9
231,3,7,12,20,5,2,13,18,14,20,8,13,4,1,16,10,7,14,16,12,8,6,16,3,1,15,11,8,16,5,18,8,10,13,16,5
232,2,17,11,11,16,7,20,8,3,19,19,4,1,10,9,9,13,13,0,10,18,10,5,11,7,15,20,15,1,5,9,15,1,7,2,1
233,10,1,3,5,7,4,2,4,2,4,8,0,7,2,2,0,4,6,10,3,7,3,0,9,6,6,0,4,4,1,8,4,10,8,9,2
234,5,19,13,15,11,9,9,13,7,4,14,0,11,7,9,7,3,20,19,20,9,0,4,8,1,13,1,19,11,19,17,7,19,16,1,13
235,10,10,8,5,4,2,8,1,0,9,2,5,7,4,10,9,7,3,6,1,10,10,1,9,3,4,10,1,0,3,5,2,7,4,5,1
236,30,24,21,9,14,19,8,12,7,0,29,1,15,18,28,10,8,4,29,12,29,28,9,14,30,6,27,23,6,14,5,3,21,19,27,4
237,12,4,2,3,12,1,12,5,1,0,16,13,15,10,19,17,5,11,12,17,9,13,19,11,11,17,15,12,5,14,9,4,4,9,14,2
238,1,9,1,4,5,0,1,6,8,6,3,3,3,10,5,0,3,0,0,5,10,2,9,2,4,10,7,5,4,7,9,1,4,0,8,4
239,2,5,7,2,1,2,5,3,5,6,0,5,5,10,2,5,10,5,5,5,2,5,7,4,1,6,8,6,0,3,1,8,10,8,0,3
240,1,16,20,12,17,15,0,10,8,19,5,8,12,19,4,16,17,8,7,17,11,0,5,5,4,7,7,0,15,6,3,4,13,20,8,9
241,5,8,4,8,9,0,7,9,4,6,0,8,6,3,6,3,9,7,7,1,3,1,3,9,3,8,7,5,7,0,7,6,9,9,8,0
242,1,8,2,1,2,5,0,8,3,1,5,4,5,8,5,3,8,3,6,3,2,1,3,9,5,2,1,1,9,10,8,1,8,9,10,9
243,1,4,2,5,6,4,9,3,5,0,7,7,3,8,5,5,0,0,0,3,0,2,0,0,2,7,1,8,8,8,9,5,0,2,3,6
244,23,19,9,4,30,7,16,5,16,27,16,7,17,18,7,22,5,24,19,18,12,0,6,26,21,16,4,26,2,1,2,0,16,29,25,4
245,25,21,30,21,14,7,29,14,24,26,0,6,12,17,3,21,21,24,19,10,18,11,10,9,0,22,14,8,13,7,27,13,9,9,5,16
246,1,4,15,2,12,23,8,27,1,14,25,7,23,16,27,3,3,29,28,22,7,14,14,22,1,3,24,27,15,24,12,18,3,28,20,12
247,18,28,11,26,3,15,20,11,21,24,21,23,14,21,22,11,4,2,21,29,30,30,8,8,26,27,6,18,9,2,27,8,20,26,14,5
248,27,14,4,10,18,3,5,18,6,3,3,17,20,27,16,6,9,17,2,4,4,30,29,2,2,2,13,8,25,9,4,27,25,14,11,22
249,4,4,4,1,0,0,2,1,1,2,0,3,0,4,0,3,4,4,4,2,2,4,3,0,4,3,3,1,1,1,3,2,0,2,2,0
250,0,1,0,0,1,4,2,6,0,6,3,7,0,3,7,3,5,0,1,7,1,6,5,5,2,5,0,0,5,5,4,0,2,5,5,5
251,1,6,17,17,16,13,8,6,9,8,14,3,13,7,10,14,4,0,2,3,4,3,7,6,7,15,14,6,5,3,17,6,5,15,6,10
252,8,7,0,10,9,6,0,1,3,3,1,10,1,0,3,10,10,5,10,2,5,0,3,7,6,1,2,9,8,8,9,9,4,1,1,5
253,7,20,18,14,5,2,10,10,0,2,0,12,19,1,1,6,15,0,15,20,10,2,10,9,12,6,3,20,16,8,11,16,11,8,12,13
254,17,2,16,9,30,4,6,19,17,0,8,8,8,3,11,22,5,7,0,21,1,18,18,9,28,21,27,30,23,20,23,30,14,20,12,10
255,2,2,1,4,1,2,2,0,4,2,1,3,0,4,0,4,1,1,1,0,4,3,0,1,2,4,2,3,4,2,4,2,2,4,1,3
256,2,27,5,30,26,30,11,15,21,15,3,21,18,8,23,4,2,1,0,28,13,10,5,1,1,0,29,5,23,20,14,16,8,24,17,25
257,3,1,1,7,4,4,1,8,0,2,5,10,9,2,0,7,6,1,9,2,6,0,2,9,2,8,9,4,9,10,1,9,8,2,3,9
258,28,15,15,18,0,27,15,18,4,25,11,21,27,22,0,30,3,11,9,12,21,18,5,27,1,22,24,28,17,14,15,10,3,9,14,27
259,2,6,1,2,8,9,1,8,1,7,9,4,7,6,4,1,8,6,3,6,6,9,8,4,3,1,6,9,3,6,6,6,7,0,9,5
260,15,14,12,16,4,12,20,11,13,16,19,7,5,8,5,12,5,11,3,10,11,7,11,5,7,15,0,9,14,12,8,15,14,6,10,0
261,4,0,8,13,24,5,20,25,17,0,19,21,11,17,10,27,0,18,17,21,5,21,14,5,28,24,28,10,23,28,7,7,11,20,26,29
262,2,7,0,6,7,7,0,5,3,0,7,8,7,4,8,2,3,8,5,0,6,1,1,1,5,0,6,8,2,4,8,8,6,5,8,8
263,29,12,27,17,18,19,17,21,19,28,3,11,0,18,30,11,12,17,26,16,10,6,3,18,14,10,19,10,18,16,3,2,8,19,30,9
264,1,0,3,3,0,2,1,2,1,0,2,1,2,0,1,0,1,0,0,3,2,0,2,3,2,2,2,3,0,0,3,0,0,2,2,3
265,9,9,8,5,10,8,0,3,2,7,10,10,9,6,10,0,9,1,3,1,10,4,1,2,6,2,7,0,7,1,6,10,4,5,9,7
266,19,15,11,14,1,19,6,1,7,14,20,9,2,11,11,10,15,5,14,12,3,19,20,18,11,20,16,5,13,20,14,8,1,13,14,0
267,7,4,3,0,7,4,2,0,1,3,5,2,0,0,6,6,5,6,4,6,5,0,5,5,2,5,4,6,2,7,7,5,6,1,1,6
268,4,0,20,1,20,15,13,4,3,18,13,18,14,14,17,1,7,10,15,9,18,1,2,16,4,15,3,12,5,6,3,1,13,5,17,4
269,0,0,2,1,1,2,0,2,0,2,2,2,2,1,2,0,2,2,2,1,0,1,1,0,2,0,0,1,1,0,1,0,1,1,1,2
270,5,9,7,3,3,7,2,1,7,3,2,0,2,1,3,3,8,0,10,2,4,7,8,10,2,3,6,4,9,9,6,9,6,0,7,0
271,9,20,13,5,7,1,14,18,12,2,16,12,6,1,6,7,17,7,12,20,3,6,3,8,9,9,18,15,3,6,6,7,2,5,8,0
272,0,16,7,2,20,18,0,15,10,20,15,3,7,7,17,4,20,18,18,2,9,17,18,20,2,8,14,19,8,6,18,0,1,2,2,5
273,17,10,0,9,14,2,0,4,6,1,4,8,4,15,7,10,11,19,20,1,13,20,3,12,1,5,12,3,6,13,20,0,17,13,12,14
274,4,1,2,0,0,4,3,2,3,5,7,7,4,1,6,1,1,3,1,0,5,0,0,3,6,0,1,6,4,2,4,0,2,0,5,1
275,1,0,1,1,0,0,0,0,0,0,0,0,0,0,1,0,1,0,1,1,0,0,0,1,1,0,1,1,0,0,0,0,1,1,0,0
276,1,13,5,0,12,14,3,17,0,16,5,2,18,19,7,12,3,19,5,6,13,18,2,18,5,6,19,16,1,3,16,2,3,9,20,4
277,0,0,14,9,18,2,8,0,8,17,7,15,3,9,7,5,11,5,10,17,5,17,3,16,16,14,14,19,4,17,0,2,19,18,12,7
278,0,11,21,12,8,16,21,14,21,7,10,17,17,5,8,13,15,1,28,4,25,19,12,18,25,8,19,24,7,6,3,22,17,21,24,5
279,8,6,3,7,18,16,7,5,0,6,11,5,15,20,20,20,7,13,14,9,5,16,14,12,7,17,5,3,11,2,14,16,9,0,20,11
280,7,7,2,10,5,10,2,4,6,1,0,3,1,1,7,8,8,10,5,5,8,6,3,1,5,0,3,7,5,4,9,9,9,0,0,3
281,4,2,5,2,3,4,1,0,2,5,2,2,2,2,1,1,2,2,0,2,2,3,2,4,5,2,2,4,4,0,1,3,3,1,1,3
282,16,7,11,19,14,3,20,6,9,6,6,18,0,5,12,3,19,2,10,2,16,7,3,7,13,20,14,14,20,6,11,6,16,12,18,6
283,7,11,4,12,0,15,18,15,5,9,17,2,4,10,10,2,8,16,17,1,12,3,0,14,15,20,0,19,3,9,0,5,13,19,2,4
284,12,10,26,25,30,26,15,4,19,20,24,9,5,17,3,30,10,26,4,20,6,5,20,1,12,23,1,24,2,22,7,3,25,8,16,19
285,5,0,12,1,17,8,15,20,19,15,9,15,16,7,0,6,10,4,6,8,0,11,0,18,13,7,19,8,19,10,13,7,15,19,4,11
286,7,3,9,8,12,10,18,15,11,19,8,18,9,4,18,4,3,18,12,18,19,14,11,5,14,17,14,2,5,9,11,2,11,2,8,15
287,2,0,1,2,1,2,1,2,0,0,0,0,1,0,1,1,2,1,2,1,1,0,1,1,2,0,2,2,1,1,1,2,2,0,2,1
288,0,1,1,7,4,5,5,6,9,0,2,4,7,2,0,1,3,8,7,1,5,9,5,2,1,1,9,8,3,9,4,9,8,7,9,6
289,17,7,28,20,15,2,19,0,4,30,24,0,27,7,11,19,12,16,5,15,7,20,17,11,6,1,19,21,11,1,14,9,13,24,10,18
290,6,0,7,10,4,6,6,4,8,10,1,1,5,9,9,5,8,5,7,7,2,1,9,10,9,8,6,2,8,8,4,9,6,1,0,2
291,5,8,2,7,7,5,1,7,8,4,9,10,2,7,1,9,8,2,0,7,2,4,8,3,4,4,0,3,0,1,1,10,4,2,8,6
292,2,2,0,0,0,0,1,1,1,0,1,2,2,2,2,1,2,1,1,2,2,2,2,0,2,0,1,1,1,0,2,0,0,2,1,0
293,1,2,1,2,2,0,0,0,2,2,2,2,2,0,0,2,2,0,1,2,2,2,2,1,1,0,0,1,0,1,1,1,0,0,0,1
294,9,6,3,9,9,0,2,0,3,1,10,0,3,9,3,6,8,3,5,1,7,0,0,3,9,3,1,2,1,8,4,0,3,9,10,1
295,11,17,7,16,13,12,16,14,3,14,1,7,1,8,3,8,14,18,16,7,15,19,11,13,8,7,20,10,19,0,1,12,15,4,1,16
296,6,6,4,4,3,6,1,0,1,5,2,5,4,3,2,4,4,2,5,0,9,8,8,3,3,6,9,0,1,6,2,4,2,4,8,9
297,11,12,2,20,7,20,8,3,17,9,8,6,6,20,5,3,15,15,9,12,6,6,4,8,7,0,14,8,10,9,0,19,12,10,7,2
298,1,6,8,5,2,0,1,6,1,0,5,0,3,1,4,1,5,4,2,7,3,8,7,8,6,4,7,2,8,6,2,2,8,1,7,2
299,6,10,4,9,10,7,3,6,0,5,6,8,7,4,2,3,0,10,1,4,1,9,1,0,2,6,7,5,4,1,0,6,4,7,4,6
300,4,3,6,0,6,10,5,7,8,1,5,6,2,7,6,4,8,6,7,1,1,1,10,2,0,0,8,3,3,1,3,1,9,9,1,5
301,6,8,6,3,5,3,6,3,0,5,10,7,8,9,9,0,9,4,8,6,3,0,3,2,3,1,1,7,1,1,4,3,9,0,3,4
302,2,4,7,5,3,8,0,5,2,2,1,2,8,5,2,5,0,6,3,2,8,6,4,0,0,0,4,6,5,3,1,1,0,2,3,8
303,1,0,0,4,3,1,4,1,1,1,1,0,3,0,5,3,5,2,1,0,0,4,0,1,5,0,1,3,4,2,2,4,0,1,2,4
304,10,7,18,13,5,0,1,7,10,20,10,17,1,8,3,7,17,8,19,1,4,17,14,19,10,7,13,15,7,2,12,13,16,4,3,15
305,2,3,1,1,2,0,0,2,0,0,2,0,0,0,0,1,3,3,3,3,1,3,0,0,1,0,2,0,0,1,0,3,2,1,3,3
306,0,1,0,1,2,3,0,5,5,0,5,3,1,3,3,1,4,5,2,1,0,0,0,5,3,4,2,5,5,4,0,0,5,0,3,4
307,5,8,4,1,7,7,8,9,7,10,6,0,6,7,2,1,10,8,0,7,8,1,5,8,5,4,3,6,8,0,5,6,1,8,3,5
308,4,2,5,3,3,0,3,1,3,0,4,3,3,3,3,3,3,0,3,2,1,0,2,1,5,0,0,2,1,4,4,3,4,4,0,1
309,10,7,7,10,10,4,1,6,0,2,6,1,9,7,7,7,0,1,6,1,3,7,9,1,7,0,6,3,7,7,6,1,6,1,9,7
310,1,7,6,7,6,8,4,10,9,4,7,0,1,5,3,5,2,8,6,4,4,0,10,0,10,0,8,5,4,8,1,3,6,9,5,0
311,20,5,5,14,19,11,18,6,15,7,9,3,16,18,7,19,19,8,15,19,11,5,14,2,13,20,7,9,7,16,3,6,16,13,19,1
312,1,2,2,1,2,3,0,2,3,0,3,2,3,2,1,3,2,3,2,3,2,2,1,3,1,0,3,0,0,2,0,0,0,1,1,1
313,5,17,20,7,3,17,3,15,8,12,6,15,4,20,6,8,14,5,0,13,5,1,4,18,15,11,5,8,1,9,5,16,16,1,7,8
314,8,8,10,1,1,7,3,2,10,9,9,6,7,9,7,10,7,9,1,7,7,2,3,2,6,0,4,8,9,2,8,10,3,1,2,0
315,2,3,0,8,18,11,18,2,5,7,14,12,9,16,17,7,10,17,2,12,0,12,12,19,0,16,20,6,0,13,8,1,17,8,2,2
316,1,6,8,0,8,3,7,2,2,0,8,9,3,9,8,4,9,7,4,0,9,1,4,3,2,4,0,10,1,9,5,4,10,2,9,9
317,4,3,0,6,6,3,0,4,6,2,0,7,6,1,1,6,5,2,7,5,3,4,3,2,4,2,7,3,0,7,0,2,0,6,5,2
318,7,0,7,5,4,3,8,3,1,5,4,1,4,9,0,7,2,1,10,1,6,10,7,5,4,9,9,4,8,9,9,8,0,3,7,2
319,0,1,1,0,0,1,1,0,1,1,1,0,1,0,1,1,0,0,1,0,1,0,0,0,0,0,0,1,1,1,1,1,0,0,1,0
320,8,8,16,10,12,0,3,7,5,7,18,7,1,6,3,3,12,11,8,8,0,17,6,19,11,16,0,4,9,8,3,5,5,7,13,12
321,6,11,14,9,12,18,2,19,10,8,0,2,9,12,5,18,18,5,0,13,19,19,3,14,5,20,14,1,4,10,5,9,2,10,1,2
322,5,1,7,3,6,2,0,5,1,5,5,5,0,6,0,2,7,7,1,5,2,6,7,5,3,7,6,4,5,0,3,1,7,6,7,2
323,2,3,2,3,0,5,1,0,1,5,2,0,4,0,3,2,6,4,6,6,4,0,1,3,4,1,6,6,1,5,5,6,5,1,4,3
324,0,1,3,1,2,8,4,6,5,4,8,6,10,5,10,6,7,3,1,3,8,3,0,6,7,0,6,8,9,10,10,7,6,1,6,1
325,8,4,3,3,4,8,2,0,3,1,4,0,8,5,5,1,3,0,1,6,6,0,8,8,2,0,1,1,3,1,8,6,4,8,6,0
326,1,7,3,7,3,0,3,7,2,7,5,7,6,4,6,0,2,4,4,0,4,6,1,7,6,2,3,4,4,2,0,3,6,1,2,7
327,2,7,7,3,10,2,1,10,4,3,10,10,5,5,7,2,5,8,8,10,6,9,3,9,9,8,8,3,7,10,10,6,0,6,0,10
328,1,6,2,6,8,0,0,1,4,9,8,10,8,7,10,5,6,6,10,7,9,8,8,10,4,3,8,9,4,1,4,2,4,0,0,4
329,5,5,1,0,3,2,3,2,1,1,5,2,4,5,0,4,2,1,2,3,3,4,3,0,4,4,3,5,4,2,5,1,2,5,0,0
330,3,0,2,9,21,28,1,22,24,8,9,26,12,13,18,18,5,12,30,22,27,6,11,6,21,11,30,6,10,22,8,4,9,7,30,9
331,1,2,2,0,0,1,2,1,2,0,2,0,2,2,2,1,1,0,2,2,1,0,0,2,0,1,2,2,2,0,1,0,2,1,1,0
332,18,16,19,9,6,11,16,14,16,0,18,10,9,0,12,16,4,20,18,2,18,4,17,0,19,10,13,13,11,6,6,10,14,19,15,20
333,9,13,17,4,0,3,25,20,4,23,23,0,26,18,1,11,16,24,23,29,2,5,29,27,16,27,13,27,13,22,20,4,8,28,12,24
334,6,10,7,8,4,7,2,4,5,9,10,10,0,10,7,10,1,9,8,4,0,2,7,0,5,5,5,3,7,9,0,10,5,7,6,10
335,10,10,6,7,5,9,6,10,4,6,9,1,2,10,8,0,1,4,4,0,0,7,0,0,8,7,4,5,5,0,9,1,8,2,8,6
336,12,12,8,20,0,17,10,5,5,20,3,8,5,4,14,17,10,18,8,14,14,9,18,2,1,14,0,2,4,9,1,18,1,19,6,11
337,19,3,15,15,0,0,12,18,9,7,15,10,8,7,18,20,6,5,19,20,14,18,3,16,7,0,16,5,20,13,19,13,13,5,18,12
338,7,6,4,2,6,4,2,2,0,3,9,1,1,8,3,8,0,6,2,8,6,2,0,4,2,8,3,5,8,9,1,6,8,1,7,8
339,5,1,1,8,7,4,0,4,3,7,5,4,7,0,7,2,1,7,2,1,3,8,4,4,1,1,1,6,2,6,6,6,1,6,8,1
340,13,10,8,14,3,27,19,25,23,9,20,24,5,15,14,18,0,17,23,22,5,14,11,14,20,27,7,4,17,5,29,10,27,20,7,1
341,12,10,10,18,11,2,13,19,13,16,19,10,14,10,17,4,2,0,3,14,15,2,11,0,11,14,3,2,15,2,5,19,0,20,13,18
342,27,22,30,11,14,8,13,18,5,6,10,22,11,0,2,17,22,22,3,30,18,9,23,7,12,5,16,15,29,28,9,8,14,23,13,20
343,13,29,4,12,8,12,21,25,28,17,3,0,24,2,21,17,10,29,1,1,28,28,18,21,19,14,2,17,18,8,30,12,17,13,14,19
344,7,8,4,7,4,9,8,3,4,9,9,4,9,2,7,8,0,6,8,1,4,9,6,6,10,10,2,7,10,7,4,9,3,1,9,4
345,8,26,24,5,27,14,20,23,24,19,9,21,18,18,6,26,22,4,28,6,0,20,26,14,13,19,6,14,8,11,10,16,2,27,9,23
346,9,6,2,4,9,3,4,8,8,0,4,6,8,3,4,8,1,0,3,1,0,1,2,6,6,1,5,10,7,3,6,6,5,6,4,1
347,18,3,13,20,15,17,18,0,3,19,6,7,12,16,10,1,12,20,2,5,15,11,18,10,10,9,15,12,12,0,4,17,9,16,5,16
348,5,8,1,1,6,8,5,7,1,1,4,1,8,4,4,5,5,7,8,4,0,2,5,10,9,8,1,10,6,4,4,6,4,2,4,3
349,18,3,17,23,11,2,22,27,18,28,29,23,16,0,21,13,15,20,25,2,22,25,23,9,16,18,12,23,1,2,16,27,15,24,23,29
350,7,2,1,0,3,6,15,12,5,14,11,18,6,5,5,1,13,9,20,3,5,13,15,14,17,10,20,4,4,11,15,14,1,6,13,13
351,9,2,9,2,9,8,4,7,10,8,6,3,5,9,8,2,7,9,2,10,4,4,2,3,4,2,10,2,7,0,1,4,0,9,1,10
352,6,4,5,2,1,5,9,6,9,3,4,5,9,9,1,0,8,4,4,5,9,0,7,0,8,7,4,1,0,2,1,8,8,10,0,10
353,5,2,0,7,18,10,17,8,16,18,11,4,17,15,9,17,6,8,2,13,10,1,17,3,9,6,2,18,18,5,3,4,7,9,2,8
354,4,6,7,4,4,9,7,4,10,10,1,3,1,5,7,1,7,6,6,10,8,1,5,8,1,5,9,9,3,9,4,2,6,3,1,4
355,5,17,13,13,16,9,12,2,10,19,14,7,17,1,20,3,18,7,16,20,8,4,8,15,11,8,4,17,12,7,14,11,12,4,17,11
356,6,0,8,1,0,7,1,8,1,7,9,9,3,5,1,3,3,0,7,1,8,0,10,8,9,4,6,10,6,6,6,2,9,3,7,9
357,18,1,4,22,6,28,20,5,22,2,15,20,21,3,30,26,13,11,4,1,25,19,18,15,8,30,9,7,15,13,6,9,11,17,11,23
358,3,2,8,1,0,7,8,9,1,7,0,2,8,0,8,8,2,8,8,5,10,3,10,7,2,2,5,1,3,2,1,2,10,4,0,9
359,0,6,14,15,18,8,11,4,6,12,2,0,18,2,16,16,17,14,6,5,8,12,14,20,13,13,15,7,9,13,9,18,8,8,9,15
360,1,13,15,3,13,26,14,11,19,7,20,9,26,25,3,5,25,2,29,18,8,11,13,29,0,26,24,7,24,14,22,26,4,3,3,16
361,2,1,2,2,5,3,9,4,5,10,2,5,8,8,3,0,7,10,7,5,7,3,7,7,5,1,4,1,3,4,7,8,0,3,0,8
362,5,5,8,0,0,2,3,3,0,9,1,2,1,3,1,8,7,1,2,9,1,3,6,1,10,10,6,9,5,0,0,4,3,4,0,2
363,2,0,3,0,1,0,2,3,2,3,1,2,3,2,1,0,0,1,2,1,3,3,2,3,0,1,1,2,1,1,2,1,0,1,3,2
364,5,4,2,2,3,9,2,5,2,4,1,0,9,10,2,0,2,2,2,8,4,2,4,0,7,4,9,0,2,0,5,0,0,3,1,4
365,2,20,16,2,21,7,9,9,30,28,27,5,3,1,5,17,26,7,10,23,3,30,2,20,2,16,20,27,30,26,5,0,15,9,26,21
366,2,0,0,0,1,0,1,1,0,2,1,0,2,1,1,0,1,1,0,2,2,2,1,0,1,0,0,2,2,2,1,1,0,1,1,1
367,2,5,5,8,9,7,2,8,5,6,3,2,9,2,5,0,7,8,3,3,5,0,6,1,2,2,3,4,5,6,9,7,0,3,2,1
368,14,8,6,1,19,7,15,6,17,20,18,11,12,18,10,14,18,13,14,19,20,3,8,10,1,6,12,10,5,13,5,15,1,19,7,18
369,11,25,7,14,25,0,20,17,11,15,8,7,13,1,18,8,9,23,24,15,20,9,12,8,29,26,14,11,3,30,19,8,22,21,28,20
370,27,28,30,5,22,0,16,29,1,30,28,5,5,25,27,29,19,26,2,29,6,0,22,24,13,16,10,0,3,30,3,6,1,24,21,10
371,1,8,0,9,4,4,1,8,8,4,6,5,7,5,7,9,8,1,3,3,5,5,0,2,8,6,8,8,9,9,5,4,9,9,10,6
372,2,0,2,2,0,2,0,2,1,2,1,2,1,0,1,2,1,1,0,1,0,2,1,0,1,0,1,1,2,0,0,2,0,1,1,2
373,16,29,0,25,17,24,13,16,28,14,3,28,8,13,30,17,10,25,22,30,17,14,19,0,20,17,12,20,24,18,13,3,4,1,20,12
374,1,2,8,7,6,8,4,2,7,3,5,5,3,6,2,0,0,8,5,6,3,6,5,6,2,6,4,1,1,6,1,3,2,7,3,4
375,5,6,2,6,4,6,0,6,0,2,8,3,6,2,7,7,7,0,9,10,0,9,1,0,7,6,7,4,8,4,10,10,4,0,2,0
376,7,4,2,4,6,2,1,6,2,2,2,3,2,2,3,0,7,5,3,0,1,1,6,2,4,1,0,7,4,1,7,0,0,2,0,3
377,15,20,10,9,9,14,6,9,2,10,0,0,5,4,3,15,16,16,4,1,16,14,15,10,0,7,5,17,5,17,14,13,2,14,6,6
378,13,7,17,7,20,12,13,6,10,2,2,9,2,18,12,8,4,19,7,10,8,12,6,4,16,3,9,5,2,5,3,2,10,0,16,15
379,4,1,8,3,10,4,9,8,1,3,4,10,4,7,5,5,4,7,10,2,1,7,10,5,0,0,10,1,8,2,2,5,0,7,2,4
380,0,9,3,5,2,7,0,3,7,0,0,7,6,8,3,10,7,7,8,8,2,2,4,0,0,8,7,6,7,10,7,0,2,2,6,10
381,13,10,6,9,12,2,19,12,18,15,6,8,5,8,6,1,10,16,14,17,6,10,3,8,19,14,9,6,11,2,1,9,16,6,11,3
382,25,4,13,26,28,6,18,13,20,25,14,1,22,0,30,3,28,16,15,27,0,18,16,20,10,14,12,16,6,16,5,16,21,11,15,28
383,0,4,10,0,4,0,4,3,0,0,8,9,10,6,1,3,6,7,7,3,6,8,9,1,5,6,3,4,3,7,5,8,5,0,6,8
384,10,1,0,7,8,8,8,7,4,4,10,5,9,9,8,9,8,10,3,2,8,2,0,3,9,2,0,1,5,2,6,1,1,10,10,3
385,7,13,19,9,18,10,8,7,12,10,14,3,1,3,9,10,11,16,2,8,5,1,19,20,18,6,9,0,19,16,17,1,16,5,4,3
386,5,1,6,6,6,9,7,7,6,10,9,6,5,0,2,7,9,4,1,9,10,1,5,0,3,10,3,8,2,7,0,6,10,5,2,6
387,24,21,25,1,19,29,21,25,2,13,24,2,29,23,19,0,22,19,21,22,16,13,20,5,10,8,17,18,17,23,23,5,7,18,30,24
388,11,15,16,9,8,0,16,17,9,20,13,13,20,7,0,13,19,20,9,2,6,12,12,20,8,19,18,17,11,15,11,16,11,8,9,1
389,8,1,8,7,8,3,5,3,9,1,7,6,4,9,6,3,2,3,8,5,4,6,1,5,4,7,4,8,7,3,1,5,1,2,5,7
390,2,3,10,4,3,1,1,9,6,5,10,1,3,0,2,10,8,6,9,9,9,2,8,10,0,8,1,10,5,8,10,2,7,10,10,9
391,13,0,11,12,19,20,14,2,24,14,5,19,12,30,4,18,2,7,29,29,29,25,4,15,12,5,16,14,13,25,25,22,16,4,29,10
392,0,0,2,2,2,3,3,0,1,3,3,2,3,3,3,0,1,0,3,0,2,2,3,2,2,3,3,2,3,1,1,2,0,1,1,1
393,5,8,0,5,6,5,9,6,3,2,9,3,7,9,4,7,10,6,2,6,10,4,2,9,4,8,4,10,2,9,6,5,7,8,3,4
394,3,10,1,0,10,7,6,2,7,3,2,10,10,8,5,5,7,1,8,7,8,8,1,9,4,6,6,0,10,8,6,6,1,10,3,8
395,3,4,9,1,0,8,0,1,6,0,10,8,8,9,5,10,5,9,2,10,7,7,5,2,9,7,4,0,0,8,10,9,5,10,1,3
396,10,8,14,16,14,11,3,13,20,11,16,4,0,13,7,14,16,9,16,12,9,14,1,10,4,20,11,3,8,13,14,13,19,4,9,20
397,19,3,13,19,20,19,9,2,11,11,1,0,6,19,7,2,4,13,20,18,6,4,0,20,14,18,3,3,8,2,5,11,6,13,19,7
398,1,0,0,3,3,0,2,1,0,3,3,1,2,0,0,1,1,1,0,3,0,0,3,3,0,3,0,3,2,3,3,2,2,2,0,3
399,2,5,1,2,0,2,4,1,1,3,3,1,0,2,0,1,1,2,0,4,1,2,4,0,0,0,3,1,4,5,3,1,0,4,5,0
400,3,2,2,4,4,0,3,3,3,1,0,2,3,0,3,1,2,2,0,0,1,4,4,1,3,1,1,1,0,3,0,3,1,3,0,1
401,2,10,3,2,5,6,10,5,9,2,0,4,10,0,3,5,4,2,8,9,8,10,8,4,0,5,4,10,4,7,10,8,5,4,1,7
402,3,3,0,2,0,3,2,1,0,2,3,3,0,3,3,1,1,2,1,3,1,2,1,0,3,1,0,2,0,2,1,1,2,2,0,0
403,4,6,5,6,0,10,10,2,2,5,7,2,4,0,3,5,4,6,0,7,6,9,4,0,7,0,5,1,8,4,5,0,1,1,10,6
404,13,8,25,25,25,3,6,29,13,23,13,8,14,2,23,6,10,24,25,13,14,2,22,26,20,22,7,30,18,22,25,7,15,17,6,18
405,15,9,3,2,12,10,8,3,18,11,10,3,1,7,3,11,10,15,16,15,2,20,7,8,13,7,9,9,17,8,4,16,18,10,1,12
406,21,14,18,25,28,24,4,8,6,22,7,5,18,30,24,22,8,29,26,8,29,8,16,8,27,18,10,30,29,3,28,23,21,27,29,19
407,7,8,10,2,6,0,1,9,0,10,3,5,3,1,0,7,2,9,10,8,8,7,9,9,8,10,5,4,10,9,2,3,3,6,1,3
408,1,12,0,15,30,18,9,27,12,7,28,12,2,18,10,16,5,18,7,25,18,24,28,30,19,14,9,3,9,0,30,21,1,7,18,22
409,9,8,8,2,4,8,1,9,8,8,6,1,4,3,3,1,6,0,4,3,8,5,0,9,10,7,2,5,2,3,2,5,9,6,7,4
410,5,0,0,6,4,1,6,2,4,4,2,0,0,0,6,5,0,6,6,4,6,0,3,2,5,0,2,5,1,0,3,6,5,2,4,4
411,8,0,0,9,7,9,3,6,5,3,3,10,3,8,6,7,10,7,3,7,4,0,2,1,1,7,4,8,8,6,8,8,9,0,5,9
412,2,0,3,0,0,0,3,3,0,1,2,3,0,3,3,0,0,1,3,2,3,1,2,3,1,2,1,3,0,0,2,2,0,0,1,2
413,5,14,15,6,16,6,19,10,0,3,0,0,6,4,14,20,10,0,12,8,14,16,2,4,13,1,14,18,1,20,0,11,3,13,7,14
414,4,8,1,5,5,6,4,8,2,0,3,3,7,7,6,2,1,10,1,2,8,10,5,5,4,2,0,7,2,6,4,7,2,7,7,3
415,1,16,6,17,28,15,28,6,26,24,13,21,16,1,10,27,6,9,10,12,27,30,18,10,15,29,29,10,19,7,16,0,18,4,7,9
416,11,14,12,16,8,19,18,10,5,19,6,12,10,12,14,0,3,15,11,9,4,16,19,11,12,4,11,11,15,1,16,14,7,10,2,4
417,5,4,0,4,8,3,3,7,10,4,1,3,3,8,8,5,6,6,8,5,2,10,4,10,9,1,9,3,1,5,7,8,9,1,3,0
418,5,7,5,5,2,4,2,0,3,4,9,0,5,1,3,3,9,2,6,0,0,8,3,2,4,9,6,1,9,2,7,10,2,6,0,0
419,5,3,0,0,0,7,10,0,9,5,5,1,5,8,2,5,0,7,8,6,4,10,0,6,7,7,10,2,2,3,0,10,4,6,9,7
420,2,4,3,1,5,4,0,2,2,4,4,6,3,1,5,7,1,5,3,3,1,5,5,2,2,7,3,2,1,5,3,1,4,1,5,5
421,8,3,8,3,2,8,10,9,10,8,3,10,5,7,1,4,3,0,8,10,10,0,5,2,2,6,3,9,8,3,3,2,5,10,9,4
422,1,0,6,4,1,4,9,10,18,12,7,8,1,5,7,20,10,9,2,9,10,11,16,12,15,9,1,3,7,3,20,8,3,19,20,4
423,8,10,10,0,0,5,3,1,7,6,2,2,0,9,8,4,3,4,0,10,0,3,9,3,10,10,3,1,0,7,7,3,6,3,3,5
424,9,14,17,0,18,5,3,3,14,12,0,9,13,18,9,0,3,11,5,3,0,1,16,10,4,2,3,0,11,9,12,7,10,1,1,9
425,18,15,19,8,11,1,14,20,16,6,11,5,5,4,8,9,7,6,2,7,11,9,14,15,19,10,11,7,13,4,16,5,19,12,15,17
426,4,3,1,3,3,1,0,3,4,0,1,2,1,4,0,2,1,2,2,0,2,3,4,3,2,2,0,1,2,3,4,4,4,4,0,3
427,8,6,0,9,5,5,8,8,8,5,7,0,3,1,4,5,6,1,7,6,10,7,2,1,6,1,2,3,8,3,5,0,10,10,1,7
428,6,15,14,21,13,3,19,14,1,23,9,5,13,21,15,10,30,11,5,20,11,10,18,2,26,15,1,13,1,6,7,7,23,15,18,10
429,10,20,16,11,16,0,20,8,6,6,16,17,5,18,4,6,16,18,11,12,12,18,12,12,18,6,0,11,16,1,15,9,2,13,16,19
430,7,5,1,4,8,6,8,1,5,4,1,5,2,7,0,1,4,8,3,1,7,1,8,0,1,0,1,5,0,5,0,6,0,1,7,7
431,6,9,6,9,15,1,13,1,6,0,12,8,11,4,11,2,14,14,10,6,2,15,16,6,5,17,8,0,11,7,19,3,17,16,12,4
432,1,2,1,0,0,1,1,0,0,1,0,1,1,2,0,2,2,2,0,0,0,0,0,2,1,0,0,2,0,0,0,1,0,2,0,1
433,1,4,2,1,5,4,1,1,2,4,5,2,1,4,5,4,4,4,4,1,0,1,2,3,2,0,1,5,0,0,5,3,4,2,4,4
434,0,7,0,1,6,9,4,6,1,6,8,7,7,8,1,7,2,8,1,7,5,10,10,2,5,2,6,9,2,6,10,6,7,8,3,6
435,19,6,8,13,9,6,7,12,11,13,6,16,13,12,18,8,18,5,3,19,18,17,12,15,18,17,11,1,8,2,12,2,14,20,19,0
436,1,1,0,0,0,1,1,0,0,0,1,0,1,0,0,1,0,1,1,0,0,1,0,1,1,1,0,1,1,1,1,0,1,0,1,0
437,0,1,2,2,2,1,1,0,1,2,1,2,2,2,2,1,2,1,2,0,2,2,2,2,1,1,1,0,2,0,1,1,0,0,2,2
438,1,8,7,4,1,4,2,6,4,5,7,7,0,4,4,6,9,9,2,5,4,9,4,9,8,8,4,9,1,8,2,4,7,8,8,3
439,3,15,1,15,20,6,15,7,5,3,13,3,16,1,18,14,18,5,8,11,19,17,10,7,3,11,16,12,4,1,9,11,0,2,12,10
440,9,7,15,14,19,19,5,6,1,12,23,4,2,13,10,23,2,28,17,20,26,11,13,17,3,5,7,18,21,12,18,14,25,4,5,7
441,3,3,0,1,0,9,5,7,2,4,5,3,7,0,1,4,5,8,4,3,2,0,4,1,8,10,0,10,5,6,9,3,1,10,6,3
442,2,20,17,13,2,7,12,1,10,4,13,12,6,15,18,14,2,9,0,7,16,8,0,0,18,2,19,13,11,7,16,6,16,11,3,19
443,5,8,8,6,10,4,8,5,2,3,4,7,5,4,2,0,8,0,8,5,8,0,4,2,0,3,2,5,5,3,5,8,4,1,7,3
444,0,4,3,0,1,0,5,3,1,0,3,0,5,5,5,3,1,1,3,5,2,2,1,2,1,3,4,3,5,1,2,0,0,2,0,1
445,16,16,23,8,29,16,11,9,25,24,20,22,21,17,18,3,6,13,1,27,18,29,18,1,10,8,7,6,19,9,9,27,13,10,6,29
446,16,15,12,4,4,2,20,10,6,1,19,1,8,7,13,10,18,6,12,4,11,12,14,19,12,16,4,6,15,18,17,7,9,13,9,15
447,13,28,27,21,29,26,6,22,20,9,14,26,22,15,1,24,1,29,17,22,18,12,1,27,26,23,6,29,28,4,19,24,29,24,20,28
448,1,7,10,4,0,6,1,2,3,7,5,6,5,1,10,10,0,2,0,2,4,5,6,7,6,0,9,3,0,2,7,9,1,8,9,6
449,21,23,15,25,4,1,18,13,7,0,12,27,26,22,4,3,22,10,25,13,13,16,5,7,22,22,28,20,29,23,6,6,9,29,12,14
450,13,10,5,16,16,20,20,20,4,13,14,6,18,0,20,3,6,10,18,0,4,19,5,18,12,1,12,18,11,12,5,10,12,4,0,7
451,2,3,2,5,4,5,6,6,3,4,8,0,3,8,7,0,2,8,9,2,8,8,7,4,2,4,0,0,9,7,2,8,0,5,1,7
452,0,30,23,15,13,9,11,20,5,5,16,25,17,4,26,0,22,2,3,6,8,19,12,25,21,5,15,14,10,12,18,5,18,2,11,20
453,4,3,5,5,4,0,3,7,5,3,4,3,1,1,0,7,6,7,0,0,2,7,2,5,0,1,0,5,1,1,6,2,6,2,5,2
454,9,9,4,5,4,8,9,3,8,1,3,2,4,1,6,7,7,0,5,9,4,1,5,3,6,2,9,0,4,1,9,4,1,6,7,7
455,7,8,3,5,9,4,1,8,9,0,3,0,8,9,1,2,10,10,10,5,5,10,6,6,3,9,6,0,2,10,7,9,6,6,7,5
456,3,3,2,9,6,0,10,10,6,2,0,0,3,7,5,7,8,4,5,4,1,2,8,2,0,2,0,5,1,3,10,8,9,3,7,9
457,5,2,6,3,1,3,5,7,1,1,6,5,7,0,3,4,3,5,5,6,2,2,3,4,7,3,6,4,4,4,3,4,2,1,3,0
458,14,11,13,19,11,15,18,14,2,2,2,9,20,12,18,3,1,12,4,6,11,1,3,19,1,13,0,7,0,11,19,7,19,17,11,4
459,12,7,9,1,1,18,8,11,10,1,5,15,15,16,6,0,6,17,19,15,7,0,0,16,8,2,19,14,13,10,4,7,3,14,16,4
460,8,5,7,7,5,10,4,2,1,5,4,4,8,9,2,4,7,2,5,4,0,7,10,6,2,6,9,1,2,4,0,4,6,7,3,8
461,4,1,3,2,1,3,3,3,0,3,1,1,0,3,3,3,4,2,2,1,0,2,3,2,0,1,1,4,4,3,4,2,2,1,1,3
462,2,2,2,3,2,4,4,1,1,2,1,0,0,2,2,1,5,2,0,0,4,2,0,0,0,2,2,5,5,2,3,0,3,2,5,1
463,3,1,1,0,2,4,4,3,5,3,4,3,3,4,0,2,2,0,5,2,0,4,1,2,4,0,2,2,4,0,2,6,6,6,4,2
464,19,15,26,19,15,6,18,22,4,5,8,1,11,29,0,29,15,15,30,0,5,18,27,9,9,14,23,14,23,3,9,4,23,6,25,20
465,8,9,8,2,8,7,6,1,1,8,5,3,2,4,3,3,8,6,6,8,0,7,7,0,8,7,5,5,9,9,2,0,9,3,9,2
466,7,3,18,1,15,8,20,7,16,2,1,12,19,13,4,8,0,20,12,6,13,8,2,4,19,0,11,3,14,20,8,19,10,11,3,12
467,3,10,0,2,29,24,2,25,6,28,30,0,18,1,11,25,19,18,18,17,21,28,26,20,23,29,27,4,11,14,17,28,16,13,26,9
468,2,3,4,5,5,4,3,3,0,0,3,2,4,5,3,2,4,1,4,4,3,0,3,6,2,2,2,5,3,3,6,2,6,4,3,4
469,5,5,3,6,3,5,3,2,5,0,0,0,1,4,2,7,6,3,2,4,4,5,7,1,3,5,6,2,0,1,4,2,1,7,1,2
470,0,7,0,5,8,2,1,2,4,6,5,0,1,7,7,0,5,5,5,10,9,3,7,3,2,0,8,0,8,2,8,4,9,8,9,5
471,7,9,9,1,1,7,5,4,0,6,4,0,6,10,10,4,4,8,0,8,1,5,1,1,5,9,7,10,3,6,10,7,6,3,5,10
472,1,1,0,2,1,2,3,3,5,2,2,4,3,5,1,3,0,1,2,3,5,5,2,3,3,0,0,1,0,3,3,1,1,4,2,5
473,4,1,5,2,4,9,3,7,3,9,1,4,9,1,6,1,7,5,4,4,1,6,7,4,1,3,10,7,6,4,8,9,6,8,10,7
474,21,5,16,29,12,1,27,6,0,25,7,25,23,27,6,27,14,26,6,5,1,11,7,29,20,12,9,30,6,15,22,17,17,30,21,12
475,14,23,22,28,22,28,2,28,24,30,26,13,9,3,14,10,18,18,17,6,27,11,5,22,0,11,9,3,16,25,11,29,12,14,4,21
476,15,25,3,19,21,2,7,11,16,2,21,4,5,29,3,7,4,12,24,15,21,20,16,23,27,1,9,0,26,20,21,27,13,21,8,29
477,23,26,17,12,23,20,14,15,8,28,15,4,0,25,0,13,20,16,21,9,6,4,7,29,18,27,4,22,21,28,3,6,9,17,24,16
478,5,3,3,5,13,7,5,11,14,1,7,10,10,0,9,7,3,20,4,0,11,18,5,13,10,5,10,11,1,15,0,10,17,7,10,13
479,4,0,4,3,4,1,1,0,4,2,5,6,2,0,3,2,5,5,2,6,1,3,4,4,4,0,6,3,4,3,6,2,4,1,1,1
480,1,1,0,0,1,1,1,0,0,0,1,0,0,1,0,1,0,0,0,1,0,1,1,1,1,1,1,1,0,1,0,0,0,0,0,1
481,7,9,9,5,5,10,10,10,6,3,10,6,6,7,5,0,8,2,6,5,5,2,10,7,1,7,8,7,2,6,9,5,5,1,9,1
482,2,15,9,17,7,5,8,25,23,23,28,18,11,11,13,11,29,23,28,28,17,11,19,28,0,12,29,15,10,19,13,21,5,26,15,8
483,12,15,0,2,9,13,3,10,1,16,7,14,15,0,16,4,17,2,0,18,18,18,7,13,18,12,9,0,0,12,11,10,3,13,18,3
484,1,1,1,0,1,2,1,2,2,2,0,1,0,2,2,0,2,0,2,0,0,0,1,1,1,2,1,2,2,1,2,0,1,0,2,2
485,1,1,3,3,2,2,2,3,3,2,1,2,0,0,1,1,0,0,3,3,1,2,3,1,2,3,2,0,2,0,3,1,1,3,1,2
486,2,4,5,1,0,5,10,10,6,10,5,4,10,4,0,10,5,4,2,4,7,4,6,10,9,6,0,7,8,10,2,2,10,2,4,3
487,2,4,4,7,2,2,4,7,5,0,6,6,1,5,3,2,5,3,3,3,7,4,3,1,3,7,6,2,7,1,5,4,6,4,3,1
488,5,15,21,29,5,27,14,10,8,28,0,13,6,15,23,28,9,27,22,3,30,9,27,20,27,22,16,20,9,21,12,1,1,24,5,9
489,3,0,0,0,0,0,2,1,0,3,0,2,1,0,0,0,3,2,1,1,3,0,2,1,1,2,3,2,0,3,0,1,3,1,2,1
490,7,17,12,17,3,12,20,19,18,18,10,11,19,13,7,5,11,10,11,4,2,16,2,20,12,10,15,11,14,11,10,7,10,8,12,2
491,8,4,5,0,1,8,2,3,9,10,1,8,9,5,4,6,0,4,2,5,6,5,1,7,7,0,5,6,1,5,0,4,6,8,5,0
492,0,12,10,17,20,27,12,15,27,27,14,17,18,5,23,7,2,0,18,23,2,27,23,27,11,10,6,12,2,0,24,14,6,2,29,17
493,1,6,1,10,0,4,4,10,8,10,8,0,6,9,4,10,7,10,3,6,5,0,10,2,9,4,9,9,1,3,9,0,2,5,0,4
494,7,6,3,10,8,8,2,1,3,5,7,0,9,7,1,0,3,10,3,8,3,9,2,5,8,9,8,5,4,0,0,5,4,1,3,1
495,1,1,9,5,4,10,7,9,0,10,8,6,10,9,4,5,6,9,0,10,2,4,3,5,3,10,2,5,9,3,5,9,9,10,7,10
496,5,1,6,8,7,6,4,0,5,10,4,8,4,4,8,10,4,4,4,2,7,2,5,3,2,9,9,0,2,5,4,7,5,8,4,2
497,15,5,11,16,15,13,20,1,6,3,13,19,5,17,6,6,1,1,2,4,0,20,8,15,2,4,8,19,19,9,7,12,6,8,15,4
498,7,20,8,13,2,20,14,8,13,5,6,11,11,20,9,11,19,12,4,3,17,10,17,8,19,0,5,14,1,20,5,14,17,3,12,2
499,3,5,8,8,10,0,1,0,6,2,10,0,8,3,9,8,10,3,2,5,3,10,7,0,5,1,1,7,8,5,10,4,10,4,10,9
500,10,1,5,8,10,4,10,1,8,4,10,7,9,3,6,7,6,7,0,10,7,9,1,7,6,1,10,3,3,5,9,0,10,6,7,8
501,5,4,9,6,2,0,7,6,4,5,7,9,1,6,1,3,9,10,2,3,9,7,0,7,0,2,6,1,4,5,1,2,4,0,2,7
502,2,1,0,0,2,1,0,0,1,0,2,1,0,0,1,2,2,0,0,2,0,1,1,0,2,2,1,1,1,1,1,0,0,1,2,0
503,20,11,20,16,3,9,4,15,18,19,11,8,13,10,8,6,13,3,14,3,14,3,8,4,2,1,9,8,6,12,6,10,6,17,13,14
504,4,3,17,2,12,12,5,4,19,2,14,10,11,6,2,16,10,11,14,2,19,13,17,11,9,11,8,3,6,18,19,10,13,3,16,16
505,5,8,1,0,10,4,7,4,7,0,8,2,9,10,1,9,3,8,2,6,0,10,8,6,10,10,8,5,9,2,7,2,4,0,7,7
506,6,2,0,3,2,0,5,6,1,2,5,0,1,5,5,1,1,5,5,5,5,0,0,0,3,1,0,6,3,0,6,5,1,3,6,5
507,10,19,9,9,15,8,8,19,17,5,1,10,16,7,4,10,11,18,2,5,8,3,2,14,11,18,17,18,0,12,12,9,10,16,18,10
508,0,1,0,0,0,0,2,0,0,1,0,1,1,1,0,0,2,1,0,2,2,1,0,0,0,2,1,0,0,2,0,1,0,0,1,2
509,6,13,26,24,16,0,23,15,17,6,30,22,2,6,4,10,10,24,9,10,15,17,2,6,19,29,27,30,7,26,17,18,30,10,25,25
510,1,1,3,4,6,0,1,3,5,2,3,4,2,5,1,2,7,6,2,3,1,4,6,2,7,4,1,1,5,3,3,2,5,6,2,3
511,4,5,1,10,4,10,0,3,4,5,8,2,6,1,3,9,10,3,5,10,7,1,5,3,7,3,7,3,8,0,0,3,5,6,0,0
512,2,5,2,4,1,4,3,1,1,5,5,2,0,3,0,0,2,2,3,3,3,4,3,2,5,1,4,5,4,3,3,1,3,5,2,3
513,11,6,8,3,2,4,9,14,12,7,18,0,10,16,16,20,14,19,14,11,12,3,8,7,13,11,9,19,16,9,6,3,10,2,19,17
514,9,6,25,0,3,12,11,19,21,15,18,2,21,11,21,21,18,19,10,26,15,2,27,24,16,16,4,29,11,3,27,21,25,21,30,4
515,3,7,11,6,9,7,15,19,10,18,12,9,16,11,6,2,11,18,19,2,4,4,3,6,10,14,2,7,15,18,14,20,7,3,8,13
516,0,7,9,0,4,5,8,3,1,8,3,6,9,8,8,1,4,2,1,4,5,9,8,3,5,7,10,5,9,4,0,8,9,0,8,0
517,3,1,0,1,7,6,5,8,9,9,0,4,9,2,2,8,1,7,1,7,1,3,1,0,3,5,7,3,5,9,2,9,6,1,8,6
518,0,6,17,18,0,8,15,17,11,18,19,14,18,3,9,7,5,6,6,15,11,20,9,9,6,20,14,19,16,7,4,4,8,10,18,0
519,10,7,8,6,0,2,4,5,6,10,4,0,1,3,3,1,9,9,8,8,5,2,2,3,0,0,6,0,6,3,4,4,10,4,7,7
520,9,11,15,10,20,15,14,4,17,18,2,1,1,5,20,7,20,13,19,20,7,4,4,10,12,19,18,3,14,14,5,7,15,5,15,18
521,7,9,5,10,8,10,8,10,4,7,2,10,8,6,5,9,9,4,6,1,10,6,7,0,2,4,6,1,3,3,6,0,8,3,3,8
522,6,5,3,9,3,6,8,5,8,5,3,4,3,8,8,3,6,2,7,8,2,5,4,8,8,2,3,0,2,8,8,9,7,5,6,0
523,4,16,19,2,0,15,12,5,11,14,8,16,12,20,14,15,4,0,14,11,19,14,15,12,9,6,6,13,14,4,17,5,2,14,6,19
524,1,0,0,1,0,1,1,0,0,1,1,1,0,1,1,0,1,1,0,0,1,0,0,1,0,1,0,0,1,0,1,0,1,1,1,0
525,10,5,20,8,4,2,3,1,9,7,13,3,18,13,5,1,15,2,15,12,4,0,7,17,18,1,19,2,1,10,4,8,19,5,18,8
526,17,15,14,19,12,19,8,13,13,8,2,13,16,1,5,16,1,11,10,3,3,6,0,3,17,9,9,12,4,9,20,4,2,19,1,5
527,11,0,6,2,17,8,22,22,2,28,2,29,3,19,16,25,4,16,1,29,6,3,3,17,11,14,4,22,19,27,6,12,7,10,10,21
528,5,0,4,2,0,6,1,2,4,5,4,5,4,5,0,4,4,5,5,0,2,4,1,0,4,4,5,0,5,4,0,2,0,3,3,2
529,23,3,2,13,12,17,29,16,20,23,26,3,23,23,30,16,30,5,1,0,24,22,5,5,0,11,9,18,30,9,18,4,2,22,11,13
530,6,18,0,8,8,13,10,17,2,6,9,4,20,5,9,18,19,15,4,20,3,8,5,9,14,10,20,10,1,5,2,3,5,9,19,8
531,5,19,18,3,3,1,14,0,18,15,1,10,18,6,8,4,15,11,12,6,10,11,15,2,5,19,5,0,20,18,19,14,19,9,17,17
532,3,4,3,5,10,9,7,10,8,1,2,3,7,9,5,8,5,7,3,8,4,3,8,1,3,7,1,7,9,3,10,9,6,1,3,9
533,3,5,1,10,2,10,10,2,10,1,10,5,3,2,9,10,3,4,5,10,3,2,4,5,5,1,2,4,3,9,9,10,6,9,3,8
534,8,3,6,10,4,9,6,0,7,3,10,7,0,10,2,4,6,8,0,3,10,8,7,2,5,5,0,6,4,4,6,6,4,8,6,4
535,16,7,6,6,19,10,3,13,10,1,5,17,17,2,2,13,11,20,1,18,9,17,4,2,0,10,15,19,9,7,13,15,5,20,7,18
536,30,24,30,19,2,23,25,11,12,14,9,12,14,1,17,29,17,29,16,27,6,24,8,16,9,19,10,8,1,16,19,7,18,5,10,1
537,0,1,2,0,2,1,1,2,0,2,1,1,0,3,2,3,1,2,0,1,2,2,0,2,0,0,3,0,0,0,3,2,3,2,2,3
538,0,6,5,6,1,4,10,8,7,3,9,8,10,0,4,9,9,5,2,2,1,7,1,5,3,10,2,1,1,1,3,6,6,2,5,10
539,23,3,8,28,28,3,13,19,10,0,5,18,20,26,13,17,26,19,19,13,1,18,8,24,6,15,2,19,18,16,5,22,2,18,3,11
540,10,3,3,0,1,7,2,2,0,4,8,4,7,0,5,9,4,4,4,10,5,7,10,9,9,0,8,4,5,6,6,9,6,7,6,5
541,13,0,11,28,11,28,15,2,17,30,14,0,20,9,0,18,22,18,2,19,1,17,27,3,29,4,4,2,2,16,8,25,23,2,20,23
542,1,3,1,1,0,0,3,3,7,4,5,5,3,2,3,0,7,0,4,5,0,6,5,5,0,2,7,4,5,6,0,1,7,4,1,7
543,10,10,5,3,8,0,1,6,9,6,3,0,1,1,5,7,6,8,3,8,3,8,1,8,2,4,0,3,2,9,3,8,2,5,0,1
544,2,1,2,1,1,2,1,2,2,2,0,2,2,2,2,2,1,0,1,0,2,1,1,2,1,0,1,1,2,1,0,0,0,2,0,0
545,14,19,15,27,28,25,27,23,14,23,3,28,4,17,15,23,8,20,19,5,27,8,26,1,21,4,19,28,29,10,23,0,26,20,3,8
546,6,1,3,2,2,6,5,4,0,1,4,6,0,5,4,2,4,3,3,5,4,4,3,2,0,6,0,6,0,2,0,6,6,4,6,0
547,10,8,6,4,9,9,9,6,8,8,0,8,5,1,2,7,0,4,6,7,0,5,3,7,4,5,3,2,10,0,9,5,0,5,4,10
548,20,12,7,1,18,12,13,4,17,0,20,17,5,10,1,14,0,16,18,20,3,12,15,9,0,14,8,8,4,15,15,1,3,2,16,3
549,10,0,2,9,1,8,0,8,6,2,1,7,8,2,3,3,5,10,1,2,7,0,2,7,5,10,4,3,9,10,10,4,5,3,2,3
550,3,6,2,9,8,4,9,5,9,7,3,7,4,9,6,1,2,1,2,7,7,10,8,0,9,0,7,5,3,0,1,8,1,7,6,2
551,5,13,8,13,11,14,12,14,11,15,4,8,0,1,18,0,15,4,7,20,7,6,8,1,12,19,15,6,2,19,18,12,17,12,11,13
552,14,9,13,19,20,10,2,14,13,6,6,11,3,17,6,20,3,8,4,8,7,20,6,2,4,20,12,15,1,9,2,1,20,11,11,6
553,0,2,3,4,4,3,4,0,2,1,0,3,2,3,0,4,2,0,3,2,2,1,0,1,4,2,3,3,2,0,2,4,1,4,3,3
554,24,26,2,19,3,21,28,22,29,15,18,18,18,1,30,16,10,22,23,11,16,5,28,26,8,14,20,9,20,22,0,4,26,30,23,14
555,9,8,6,8,9,4,8,7,9,9,10,8,2,1,7,1,1,1,2,6,6,3,4,0,9,4,9,2,9,7,8,3,6,0,2,4
556,13,16,6,9,14,20,3,2,1,18,0,6,17,20,19,8,19,6,3,10,3,9,2,13,10,4,20,18,0,17,4,13,6,15,18,11
557,5,5,9,11,13,12,8,6,4,12,14,8,3,15,2,8,5,6,14,10,7,5,19,6,0,0,18,5,6,20,8,17,10,6,18,3
558,18,19,25,5,25,1,8,13,10,7,9,28,11,14,30,24,20,11,9,16,10,7,1,13,3,28,15,16,24,9,29,14,27,12,7,14
559,3,1,1,4,3,5,6,0,6,4,6,4,2,5,2,0,3,0,3,6,0,0,0,2,4,1,5,4,3,4,4,1,3,2,3,4
560,0,5,4,8,5,9,2,0,9,3,2,6,7,10,9,8,8,6,6,1,0,4,1,5,9,6,2,0,0,1,1,3,4,1,2,9
561,6,0,2,2,5,6,5,6,7,3,9,2,8,1,5,5,4,3,2,6,10,2,4,10,8,10,6,5,5,4,8,10,8,7,1,9
562,1,6,3,9,5,2,6,7,8,10,9,4,2,0,4,7,10,9,7,3,6,6,1,6,9,2,8,9,7,8,1,10,2,4,9,5
563,2,26,19,29,3,24,3,22,17,10,22,1,24,4,2,14,22,5,23,28,15,13,0,4,21,29,11,8,15,18,28,27,25,14,26,27
564,5,0,5,6,7,0,9,9,3,6,1,3,4,1,1,4,6,8,5,1,7,7,7,4,0,8,4,4,8,1,3,4,7,1,6,9
565,3,1,8,10,5,2,3,7,2,9,2,8,3,1,5,7,1,8,1,8,10,4,5,9,1,10,4,1,6,6,3,3,0,8,0,7
566,10,5,3,5,1,6,8,9,5,3,1,9,6,2,6,10,1,5,1,1,0,1,9,3,10,10,6,10,4,10,9,5,6,6,5,7
567,4,5,1,8,8,4,2,6,0,1,1,0,5,6,1,1,5,1,2,4,3,0,3,6,2,4,8,8,4,7,6,6,3,8,5,1
568,8,11,7,15,9,6,16,20,3,2,17,1,19,18,20,16,12,0,20,8,4,2,11,7,17,4,9,12,20,2,9,3,3,18,18,0
569,10,7,1,16,11,15,25,26,14,27,8,12,23,27,9,13,12,8,19,4,16,23,4,23,24,9,10,5,10,8,0,11,14,18,17,9
570,10,8,8,0,9,6,2,4,10,1,9,10,0,3,5,3,6,10,9,5,10,4,9,7,8,5,10,7,1,6,1,8,7,7,7,0
571,1,1,0,1,1,1,1,1,0,0,1,0,0,0,1,1,0,1,0,1,0,1,0,1,0,1,1,1,0,1,0,0,1,0,0,1
572,7,4,6,3,9,4,0,7,8,1,1,4,5,10,6,9,3,10,10,8,8,3,1,1,7,7,7,3,5,9,10,2,3,3,10,9
573,1,4,1,2,7,7,1,9,7,4,6,0,10,7,3,4,1,6,7,5,4,10,1,4,10,2,7,7,2,10,3,0,6,1,8,5
574,1,0,2,0,1,1,3,2,0,3,2,0,2,2,2,3,3,3,2,3,3,0,1,2,1,2,2,2,2,1,2,3,3,1,3,1
575,13,20,8,13,10,0,2,14,17,3,11,19,12,3,9,12,1,16,13,15,5,4,6,1,10,4,10,14,11,8,10,6,12,14,13,15
576,8,7,3,15,21,7,12,15,23,7,3,16,30,19,2,20,0,16,12,12,15,6,16,27,14,6,28,2,8,0,4,26,14,6,0,6
577,1,5,8,7,6,7,6,2,9,10,7,10,0,9,8,2,8,8,4,6,5,8,10,3,0,5,1,9,4,0,3,6,2,6,0,5
578,26,2,4,25,26,4,28,13,27,0,17,0,2,16,28,4,13,7,11,9,15,30,8,19,23,27,5,11,15,13,2,4,6,24,1,20
579,7,5,6,7,2,10,4,4,10,9,0,6,4,5,8,10,8,7,4,2,2,3,3,7,8,0,5,8,8,2,5,1,9,2,6,6
580,0,7,15,9,13,6,18,16,4,15,15,1,17,6,0,20,0,17,16,18,20,18,10,10,11,3,16,18,18,5,6,13,17,1,19,11
581,29,10,16,18,28,8,23,28,18,19,12,14,11,17,15,4,2,7,10,24,28,10,27,18,30,5,4,19,7,12,21,24,29,28,18,15
582,9,18,18,2,14,19,5,15,9,2,0,1,6,12,4,13,12,20,3,2,0,19,4,6,0,4,1,7,19,7,6,5,3,20,19,19
583,15,1,2,14,6,18,6,5,13,15,3,19,3,0,13,4,13,19,2,4,13,8,13,8,13,12,1,2,0,18,11,7,17,15,11,4
584,3,0,3,2,0,1,2,1,1,3,3,0,2,3,0,1,2,1,3,1,2,2,3,0,0,1,0,2,2,1,1,1,1,2,1,3
585,5,1,4,4,0,3,4,0,0,1,5,4,4,3,3,6,3,2,3,2,0,5,1,1,2,5,6,0,4,4,5,1,2,4,4,6
586,3,26,14,27,20,17,21,19,13,1,19,8,22,11,24,21,30,27,4,1,25,17,5,15,25,28,9,0,14,8,0,28,5,3,18,0
587,1,0,0,1,1,0,2,0,2,2,0,2,0,0,0,2,2,2,2,2,1,1,2,1,2,0,1,0,1,2,1,0,0,0,2,2
588,1,5,5,1,4,4,3,1,0,4,3,4,5,0,3,5,3,3,4,1,2,1,4,1,0,5,5,3,3,3,2,0,4,5,2,4
589,0,2,5,1,1,5,3,2,5,10,8,1,10,10,5,6,3,8,5,7,3,3,8,2,4,4,5,2,0,9,2,7,5,2,10,5
590,7,2,2,10,3,0,5,1,7,7,5,7,7,2,8,10,9,2,10,7,5,3,7,4,5,4,6,1,7,9,8,6,9,9,5,9
591,19,13,17,6,16,19,11,1,19,15,4,15,1,18,17,5,14,5,6,10,19,12,17,14,5,2,12,0,11,3,20,5,15,8,1,13
592,7,3,1,8,7,6,0,8,2,4,1,4,4,7,6,10,5,9,10,0,5,4,6,2,7,7,1,5,10,0,3,5,6,5,5,10
593,3,15,24,20,29,2,12,5,16,2,30,14,0,12,27,24,9,30,10,2,12,11,29,26,25,25,11,9,3,30,17,19,18,30,29,22
594,2,16,4,9,18,0,9,8,19,14,0,19,14,5,7,10,3,14,3,2,8,19,15,3,3,2,11,2,6,15,3,19,10,15,4,13
595,2,3,6,4,0,5,1,3,3,5,0,5,2,3,6,2,6,2,3,4,5,2,6,0,4,1,4,5,1,0,5,0,5,5,3,4
596,9,1,2,8,0,1,6,9,9,7,5,4,0,2,5,2,1,5,7,2,0,9,10,6,10,1,3,2,0,10,8,4,4,10,5,6
597,20,11,19,6,8,17,5,18,2,1,6,18,8,14,20,4,15,19,19,18,0,1,20,8,16,18,14,8,5,16,3,7,9,1,16,5
598,2,2,2,6,6,7,9,6,2,3,7,5,3,4,8,8,3,5,5,5,5,1,8,9,3,3,8,7,6,0,3,1,5,8,1,0
599,5,4,4,9,5,4,2,9,5,4,7,6,4,9,9,3,2,5,4,2,8,5,8,0,6,4,1,1,0,6,1,5,1,3,0,5
600,5,20,28,9,4,16,26,29,0,15,21,30,26,9,0,27,15,6,20,9,0,26,21,26,2,9,14,7,1,23,20,10,28,0,8,5
601,15,18,0,12,15,5,2,20,20,2,9,19,13,12,3,18,10,10,17,7,8,7,7,7,14,4,1,15,11,20,10,0,3,19,7,0
602,5,9,7,3,4,9,4,5,2,6,10,4,2,0,9,10,6,9,4,7,1,7,0,4,9,8,4,9,0,0,2,1,10,9,4,9
603,0,3,6,2,0,1,1,5,6,7,5,8,7,6,7,5,10,9,10,0,6,9,6,6,1,5,5,0,2,5,9,3,8,8,1,4
604,5,4,6,8,4,5,9,2,10,9,2,2,4,9,9,0,5,4,1,2,6,5,9,3,0,6,3,7,6,4,2,8,9,6,10,6
605,2,23,15,13,17,20,6,7,19,0,30,10,1,3,13,10,14,18,28,0,17,8,13,0,28,26,19,14,4,24,17,12,2,23,29,12
606,12,27,20,20,24,20,23,23,5,30,19,24,0,22,28,29,18,9,22,30,8,28,25,22,8,30,11,18,21,25,26,30,5,14,7,19
607,6,20,10,3,16,9,14,4,4,0,11,17,4,18,13,4,6,0,2,0,8,20,11,15,6,19,6,17,13,16,4,12,5,20,5,20
608,9,2,5,9,10,9,1,10,1,8,4,5,7,0,9,2,3,2,4,6,0,6,5,5,0,1,7,10,5,6,10,7,4,6,8,2
609,12,10,9,0,3,14,8,0,13,16,0,18,7,20,19,5,0,6,9,8,10,16,6,18,3,3,16,3,1,0,9,9,8,1,20,10
610,18,14,11,8,7,14,14,16,16,19,18,15,8,18,2,10,15,8,16,12,9,17,15,10,11,1,5,10,17,4,1,3,19,7,8,4
611,28,5,23,24,15,20,3,23,21,14,1,14,20,25,8,3,12,20,6,0,14,17,11,6,25,8,8,17,11,6,5,6,9,8,28,23
612,16,7,19,10,16,18,7,2,18,16,2,16,7,16,13,18,14,7,2,6,7,2,8,3,3,12,13,14,19,13,3,17,15,18,2,3
613,17,2,18,6,16,13,8,6,11,14,10,3,14,3,11,10,1,10,10,9,12,7,9,10,11,10,14,14,13,15,3,16,14,5,15,6
614,1,4,7,6,10,8,3,10,5,9,9,2,3,8,2,4,10,4,3,2,5,4,1,6,6,3,2,7,6,10,3,8,9,2,3,0
615,15,1,11,14,12,20,9,20,7,6,18,1,3,14,10,8,14,16,11,10,14,3,0,20,11,3,13,7,14,13,12,13,19,19,15,15
616,2,5,3,5,4,5,3,10,2,7,6,4,10,9,1,2,0,5,9,5,10,1,7,8,7,10,0,5,10,1,1,4,5,9,7,5
617,2,2,1,3,0,2,0,2,2,3,0,2,1,0,0,0,2,2,0,2,0,1,3,3,1,2,3,0,1,2,3,0,3,3,1,3
618,6,2,1,5,2,3,3,0,3,1,4,1,2,1,0,0,1,1,6,5,3,1,5,3,4,3,6,3,5,6,0,1,2,6,4,3
619,0,5,3,10,2,10,2,9,10,8,0,2,3,6,10,6,9,2,1,4,8,0,6,7,10,1,1,5,0,3,3,0,3,7,2,7
620,1,11,7,11,19,28,25,16,15,14,30,2,24,23,5,3,10,16,21,18,5,22,3,14,17,5,12,5,17,6,29,14,21,19,29,5
621,3,1,9,3,8,3,9,8,4,3,8,2,8,3,0,3,5,4,0,3,4,2,1,6,5,5,5,2,7,9,6,6,6,9,1,8
622,25,21,11,19,0,12,30,26,29,25,1,2,21,30,17,1,18,13,4,18,3,15,25,12,30,13,26,13,11,30,5,9,20,21,5,7
623,0,24,13,9,28,10,3,12,2,5,15,12,8,9,6,0,6,0,23,22,30,25,25,0,13,27,21,7,29,20,3,7,30,20,4,1
624,6,6,10,5,2,7,2,2,5,7,9,1,2,5,5,3,6,7,3,5,1,8,4,3,9,6,8,5,6,6,0,3,1,9,9,9
625,0,29,29,21,16,11,11,16,18,7,27,1,12,29,1,2,25,30,12,27,12,23,24,17,20,20,20,28,20,11,19,15,1,4,12,20
626,3,2,9,8,10,2,10,10,2,2,4,5,6,3,3,5,8,10,9,1,3,1,10,8,3,1,9,10,2,1,0,5,5,7,3,10
627,3,14,14,20,11,13,8,2,3,11,0,1,12,7,2,10,8,1,14,4,17,5,7,3,13,10,8,6,17,14,4,13,0,11,15,0
628,4,1,2,0,3,7,4,1,1,4,1,1,1,0,0,5,2,2,7,6,5,1,4,3,3,2,3,3,2,0,7,2,6,4,6,6
629,5,6,1,0,7,9,2,2,10,7,0,3,9,4,4,6,7,4,5,0,0,3,7,9,10,5,8,0,3,4,0,6,1,4,3,1
630,3,1,1,4,5,4,5,1,4,1,3,3,0,2,5,0,0,3,2,2,2,4,3,3,2,4,2,2,0,3,2,3,5,2,4,3
631,10,5,17,9,18,18,3,11,10,16,1,7,5,15,0,3,10,0,2,5,18,14,12,18,5,12,10,13,20,9,14,4,13,18,20,12
632,1,1,2,2,3,2,3,4,2,2,2,2,2,3,0,1,4,3,2,0,0,3,1,3,1,0,0,1,1,3,1,0,0,2,1,3
633,9,3,6,9,5,8,6,10,2,6,10,9,9,6,9,1,4,10,3,1,3,8,0,10,8,8,2,0,3,0,5,6,10,10,3,9
634,21,7,29,1,20,5,23,15,4,5,12,30,2,9,25,0,13,25,11,7,3,12,18,4,10,0,26,2,14,26,1,18,25,27,6,12
635,0,1,1,1,0,0,0,1,0,1,1,1,1,1,0,1,0,0,0,0,1,0,1,1,1,1,0,0,0,0,0,1,0,0,1,0
636,4,0,4,5,15,0,11,1,18,17,4,8,19,11,10,5,14,2,0,8,9,6,14,19,18,19,20,15,16,6,2,19,1,20,16,20
637,2,20,0,17,7,6,0,13,12,0,16,5,20,19,20,1,10,20,1,19,6,20,20,18,7,2,4,17,18,20,5,1,17,6,1,7
638,4,0,2,8,4,1,1,8,6,2,7,6,4,2,2,3,1,3,7,7,8,0,5,3,7,8,2,4,8,8,8,6,5,3,3,7
639,20,12,0,19,1,14,15,6,10,8,7,16,3,6,19,16,20,9,1,7,6,0,1,3,15,19,9,7,2,13,18,5,12,18,20,18
640,2,8,4,1,4,8,5,2,2,1,2,4,8,10,6,1,0,0,6,7,3,3,0,7,0,6,3,8,5,1,4,10,9,4,10,8
641,7,10,0,7,6,18,16,3,14,10,1,5,10,17,9,19,2,2,1,7,6,13,9,13,5,7,8,13,11,4,15,0,11,20,13,18
642,2,0,6,0,3,1,7,2,2,5,4,4,7,0,5,7,5,3,5,0,6,7,0,5,10,1,1,9,6,2,10,10,5,10,2,4
643,1,3,1,1,8,6,0,7,4,0,7,2,5,4,4,9,2,7,0,7,0,9,0,4,1,7,3,8,10,7,3,8,4,9,9,1
644,18,4,24,17,7,28,21,19,13,0,2,21,23,21,28,16,26,21,14,1,13,3,16,21,4,0,30,13,12,10,15,20,21,6,21,16
645,3,14,2,20,11,16,20,16,14,9,14,6,15,15,1,15,1,15,2,12,0,20,20,19,17,19,15,16,17,6,19,2,16,17,14,8
646,5,1,16,20,3,1,9,20,12,14,17,5,8,10,19,8,13,3,9,18,16,11,4,17,0,2,16,5,19,11,18,5,18,18,20,9
647,7,10,5,9,4,8,3,3,8,8,6,4,5,8,8,0,2,9,8,9,3,6,4,3,7,10,6,1,4,2,6,6,7,7,4,5
648,1,1,0,1,2,1,1,0,2,0,1,2,2,0,1,0,2,0,2,1,2,2,1,2,1,1,1,1,2,2,2,2,0,0,1,0
649,18,30,20,1,9,27,29,10,29,25,3,11,19,13,16,13,9,20,1,5,27,7,9,27,2,28,7,17,15,21,7,5,12,14,8,19
650,5,1,6,4,7,2,0,6,6,2,5,7,5,6,1,5,2,4,7,5,6,1,2,1,0,2,0,0,7,3,4,2,3,3,3,6
651,13,15,1,16,4,15,11,11,2,17,9,20,12,3,11,14,1,19,3,4,14,18,13,19,0,3,20,16,12,4,14,12,10,15,8,12
652,1,18,12,19,18,19,2,11,3,9,2,1,2,19,14,1,13,7,6,2,5,11,9,11,10,16,8,7,6,5,5,5,12,8,12,0
653,17,27,10,5,19,1,1,28,0,18,14,11,10,0,0,19,18,3,1,23,2,22,3,23,16,24,24,2,22,25,10,29,29,22,2,0
654,2,5,2,17,20,24,20,19,17,26,10,9,17,7,30,26,10,27,4,25,12,10,4,5,12,0,20,22,6,22,13,2,19,3,23,2
655,4,2,5,3,4,4,4,0,3,5,5,3,0,4,2,6,2,3,0,3,0,3,1,2,0,5,5,3,6,5,4,0,4,3,2,2
656,6,30,23,20,6,10,24,27,27,8,20,29,0,22,19,5,20,18,30,29,24,18,9,12,5,18,12,4,13,0,19,20,3,24,26,1
657,2,1,5,0,0,3,6,2,6,1,5,0,0,2,5,4,6,6,4,3,5,5,3,4,1,4,4,2,3,3,6,0,0,6,0,4
658,16,4,19,18,11,0,17,10,6,9,14,5,4,2,13,3,3,18,14,19,11,10,1,1,9,10,6,9,16,13,16,18,1,20,4,7
659,10,16,10,4,9,4,7,1,0,9,19,10,1,5,12,15,12,15,15,8,5,8,1,11,12,16,10,17,3,15,7,3,20,7,7,1
660,12,17,9,18,17,17,9,4,18,17,8,10,9,18,6,1,18,4,9,4,18,9,7,16,9,3,10,14,0,11,0,19,19,1,13,1
661,24,18,14,8,29,15,25,8,4,29,0,18,30,12,12,21,2,22,13,22,1,16,23,19,26,24,19,21,7,29,20,15,1,10,27,0
662,6,2,0,8,9,3,3,10,0,8,2,8,1,6,5,0,2,10,9,6,4,8,7,3,0,4,0,7,8,0,3,5,4,6,6,5
663,6,17,10,13,5,4,0,12,12,19,7,12,15,1,0,15,10,20,2,15,11,5,20,0,17,4,14,11,7,17,19,16,11,19,2,4
664,8,8,5,14,20,17,11,9,6,6,18,12,3,1,15,17,3,13,5,2,1,11,15,9,8,10,2,18,9,8,19,2,20,18,13,6
665,4,0,5,2,5,5,2,4,1,1,1,0,3,1,0,3,4,5,1,2,0,5,4,3,2,2,1,4,2,5,1,1,1,3,5,2
666,1,20,18,17,11,1,13,16,25,5,9,23,8,17,4,15,14,10,3,25,17,5,14,25,13,21,19,27,22,8,0,1,25,12,23,21
667,0,0,1,9,2,10,1,4,6,8,2,2,6,10,10,8,4,3,4,5,1,2,2,8,6,10,5,5,1,3,9,4,7,0,6,4
668,1,2,0,2,1,2,2,2,2,2,2,2,2,0,2,2,0,0,1,0,0,0,1,0,1,1,0,1,1,2,0,1,1,2,1,1
669,19,4,3,5,6,5,3,17,5,8,7,4,3,15,16,9,12,5,9,4,2,10,2,14,3,19,12,19,4,0,16,12,14,9,20,4
670,19,2,10,20,19,11,4,13,0,5,1,7,17,0,17,7,7,10,3,2,0,19,8,13,11,0,19,7,1,8,4,14,11,9,1,6
671,17,19,3,20,8,6,12,1,13,20,15,2,1,3,14,12,11,1,3,12,20,1,9,9,18,9,19,19,2,11,1,15,7,7,7,11
672,4,6,0,7,2,8,3,5,1,6,7,6,9,10,1,9,3,4,1,6,5,3,10,9,6,3,5,9,7,6,8,10,5,4,6,4
673,9,1,8,15,6,19,9,7,15,3,20,9,18,5,8,19,16,2,3,9,15,14,13,14,5,13,0,7,20,12,13,11,9,10,9,9
674,2,2,2,1,3,2,3,0,1,0,2,2,2,1,3,3,3,2,0,0,2,0,3,0,3,0,1,0,2,0,1,3,2,2,3,1
675,2,1,1,4,3,2,2,4,2,3,2,1,6,2,7,3,0,5,8,2,7,6,3,8,0,1,2,1,7,2,1,3,4,4,1,6
676,6,17,15,12,12,15,2,14,7,10,14,9,8,7,17,5,3,3,4,8,8,18,14,10,8,6,2,20,20,9,18,2,13,1,7,13
677,1,9,12,14,8,8,8,3,3,12,13,8,17,14,16,16,12,1,15,6,4,9,4,10,6,7,9,14,12,14,16,2,19,5,13,0
678,9,6,3,8,2,9,10,5,1,3,4,9,3,9,8,2,5,4,3,8,10,8,0,8,8,0,4,1,3,9,0,1,1,6,2,10
679,2,7,2,1,2,5,5,3,4,7,6,6,4,4,5,4,5,2,5,4,4,4,6,2,2,0,5,6,1,3,6,1,4,6,0,3
680,5,2,0,8,2,6,5,0,1,10,8,7,10,4,5,2,4,3,10,1,7,1,4,6,1,5,7,9,3,8,3,9,0,6,2,3
681,19,6,12,2,16,12,8,4,12,2,6,7,4,18,4,13,3,15,18,3,20,1,6,4,9,19,8,6,0,8,1,11,19,10,7,7
682,6,8,20,3,18,5,17,4,9,12,0,11,11,3,17,18,18,7,5,14,18,20,4,9,1,20,16,14,13,0,10,3,6,13,2,10
683,0,3,2,1,4,3,5,2,0,7,4,4,3,5,6,6,6,5,3,0,0,2,1,6,6,4,5,4,2,1,4,2,0,2,3,7
684,2,7,8,4,7,5,1,6,8,5,0,6,9,3,1,2,4,4,4,3,2,0,9,6,8,6,4,0,2,3,3,7,9,6,2,3
685,1,1,6,6,5,3,5,4,1,4,2,0,1,4,1,5,1,4,1,1,4,2,1,2,4,6,1,5,0,0,6,1,4,4,1,2
686,7,7,4,10,6,1,8,10,10,8,1,0,2,9,3,7,3,1,10,7,6,3,4,7,3,1,4,1,2,7,6,4,0,0,5,0
687,16,28,14,11,24,18,2,0,28,30,24,25,11,14,12,12,15,19,12,14,4,23,8,28,28,29,14,17,15,1,21,6,15,8,14,26
688,9,2,6,4,6,2,2,4,0,7,4,8,8,9,7,4,8,0,5,2,1,9,3,9,8,6,7,1,9,10,4,6,4,2,4,4
689,8,1,3,1,0,2,3,7,1,1,7,6,8,0,8,0,5,1,6,0,4,7,3,1,8,4,1,7,6,6,1,5,1,8,2,7
690,14,15,11,20,2,4,2,8,18,11,20,14,11,19,3,14,6,0,11,3,15,13,14,7,20,4,11,3,10,18,6,15,5,10,6,9
691,1,1,1,0,2,0,2,1,1,2,0,1,0,1,0,1,1,2,1,2,1,0,1,0,1,1,0,0,0,2,0,1,0,0,1,2
692,2,4,14,8,6,9,12,4,6,19,5,1,15,18,9,14,4,9,17,17,20,19,20,16,0,14,13,1,18,5,7,7,11,2,5,19
693,2,2,2,4,0,4,0,0,2,3,0,1,0,2,3,4,2,1,3,1,4,0,4,1,3,1,2,4,0,2,3,4,1,0,0,2
694,1,0,2,3,3,4,4,2,2,4,4,0,3,1,4,3,4,2,1,3,1,4,1,3,4,1,1,2,1,1,4,3,4,2,3,2
695,1,0,1,1,1,1,2,1,1,2,0,0,1,1,0,0,0,2,0,2,0,1,0,0,0,1,2,1,0,1,0,2,2,1,0,0
696,6,5,9,2,6,6,1,3,0,4,1,3,8,5,8,10,8,5,2,6,5,8,10,1,1,8,7,8,3,6,7,6,1,4,6,3
697,2,1,0,8,1,7,7,0,8,9,8,2,1,5,3,6,6,4,7,7,8,7,5,6,9,7,9,4,2,6,2,9,4,2,8,0
698,2,2,3,2,3,1,1,0,3,2,3,0,0,3,3,2,2,1,3,2,1,2,0,1,0,1,3,1,0,3,0,2,2,0,0,2
699,3,20,20,15,9,8,6,8,16,1,14,10,17,17,15,4,15,0,15,17,19,6,4,16,5,13,12,5,2,6,5,7,13,12,5,3
700,9,11,14,11,18,19,17,5,14,0,15,4,7,9,16,2,9,0,17,13,2,4,2,8,5,11,16,16,8,10,6,20,10,10,6,17
701,0,5,2,6,2,9,2,0,9,10,3,6,6,2,1,4,3,10,4,3,10,5,7,2,1,3,7,8,5,2,6,9,10,10,7,7
702,6,4,10,6,7,7,2,4,4,8,10,8,7,3,7,8,0,10,6,2,9,8,10,1,10,6,0,3,1,1,10,0,9,6,2,7
703,0,3,0,1,2,1,3,0,1,0,0,3,3,0,0,3,1,3,2,0,3,1,2,1,1,0,3,2,0,1,1,2,3,3,3,1
704,2,9,10,1,8,10,7,3,9,4,5,9,4,1,9,1,0,0,4,8,3,10,1,10,1,9,6,6,6,9,5,6,0,1,2,1
705,0,3,2,6,0,2,0,4,3,2,0,3,0,0,4,2,5,2,1,3,3,3,0,4,6,6,0,6,3,6,3,2,2,4,4,2
706,11,5,6,17,7,9,15,20,17,10,5,12,11,5,3,12,6,9,5,7,16,15,16,19,1,17,12,7,13,3,0,12,18,17,7,16
707,5,6,9,4,5,4,1,10,8,5,6,5,10,6,1,4,8,6,8,7,0,5,4,4,3,8,3,7,4,6,5,4,8,7,1,10
708,1,19,26,9,29,27,17,24,1,20,7,28,13,15,3,13,3,15,26,22,19,22,5,30,23,27,3,0,6,2,7,25,3,17,13,10
709,28,1,6,19,5,25,19,11,28,30,16,22,8,10,4,25,22,24,3,4,3,29,20,13,0,17,10,7,12,8,20,17,15,4,27,22
710,20,25,16,5,22,1,13,13,0,3,16,12,10,2,23,19,9,23,22,10,8,18,11,15,13,13,30,25,19,21,15,17,21,3,2,10
711,9,8,1,2,3,8,4,1,8,0,0,3,10,10,6,7,3,3,8,10,6,2,10,4,5,7,9,9,3,1,5,5,2,2,2,3
712,4,9,9,1,5,2,0,7,8,0,0,0,8,10,8,1,6,5,10,7,3,0,1,8,8,2,0,7,7,10,9,10,1,2,3,3
713,1,0,4,0,0,2,3,2,0,2,2,5,5,5,3,1,3,4,3,1,0,4,4,0,1,5,5,4,4,4,0,1,4,2,1,0
714,3,9,2,9,9,5,7,1,4,9,7,0,8,8,7,1,3,5,1,6,7,5,2,9,3,0,2,10,6,0,6,1,1,0,10,3
715,12,5,11,12,11,17,15,5,3,17,0,6,14,10,10,5,20,19,17,14,10,5,15,9,14,8,10,0,19,11,7,7,2,9,14,14
716,3,8,10,8,1,4,10,6,7,8,1,5,4,2,0,6,8,3,4,4,4,0,0,4,10,10,10,9,2,2,2,7,9,9,2,1
717,10,10,7,4,6,1,9,6,6,0,3,9,4,4,3,8,9,10,10,9,10,5,6,8,1,8,6,1,2,9,0,9,10,5,6,6
718,2,6,10,11,4,12,20,9,12,5,13,3,0,19,6,9,14,20,12,4,16,9,19,3,10,19,17,2,8,13,1,18,18,0,4,13
719,6,17,18,5,21,0,6,19,20,27,0,16,20,15,18,9,7,29,29,29,24,1,7,27,1,22,26,24,15,6,8,14,30,21,17,21
720,0,3,3,3,0,0,3,3,1,2,0,2,1,1,1,1,3,1,4,3,4,1,2,2,0,2,4,2,1,3,2,2,0,2,0,0
721,8,7,0,2,9,4,5,0,6,6,0,7,4,2,8,4,2,7,8,2,0,9,2,7,9,4,5,5,8,5,1,4,3,6,4,7
722,1,3,10,9,1,4,4,4,6,1,2,3,10,4,1,1,6,6,3,4,1,7,8,7,7,7,8,10,8,1,1,2,9,0,4,0
723,1,0,1,0,3,0,0,0,0,0,3,2,3,0,3,2,0,0,1,0,3,0,2,2,0,1,1,0,2,1,3,3,3,3,2,0
724,3,1,1,0,1,3,3,0,0,1,1,2,0,2,0,3,0,0,3,3,2,0,3,3,2,0,2,2,2,2,3,3,0,3,3,1
725,6,6,2,3,7,6,4,5,8,6,2,5,0,5,3,1,3,4,7,8,5,8,5,0,8,6,8,4,4,2,0,6,7,4,4,4
726,9,24,13,3,0,1,21,21,9,13,6,0,8,27,30,13,6,3,9,23,19,16,12,27,14,29,22,30,8,0,0,24,29,18,30,4
727,11,1,8,10,13,16,9,4,14,9,17,8,6,19,17,5,3,12,5,16,5,16,6,10,0,7,20,1,20,20,13,13,9,6,17,16
728,4,8,3,9,4,5,0,0,5,5,5,2,9,6,9,3,8,6,6,5,6,8,2,2,10,1,10,2,4,8,10,3,2,3,6,3
729,2,3,7,2,3,3,3,1,6,1,3,3,3,3,2,1,4,0,3,4,5,3,6,2,2,3,3,1,4,2,4,0,2,0,7,7
730,17,10,17,7,16,7,6,9,19,6,0,12,11,15,6,4,20,8,12,4,15,19,0,12,19,6,18,16,0,4,11,20,14,3,15,3
731,10,27,20,13,14,22,27,29,30,15,30,29,25,1,14,15,11,11,25,17,18,28,6,3,1,19,15,22,4,19,16,18,16,15,13,16
732,3,5,6,1,2,4,0,5,1,6,6,2,0,1,4,6,1,5,1,4,3,6,2,0,4,6,4,2,0,4,5,0,2,4,1,1
733,5,10,20,11,25,10,9,21,23,10,13,11,16,10,24,1,21,3,4,13,6,19,0,0,19,13,10,6,29,10,4,21,29,0,16,6
734,1,0,0,2,1,2,1,1,0,0,2,1,2,2,1,1,2,0,0,2,1,2,0,1,1,0,2,1,0,2,2,0,0,1,1,2
735,12,0,19,5,20,8,6,12,11,5,18,14,1,10,2,15,16,0,12,0,5,5,11,17,19,4,8,4,1,18,8,0,9,7,17,20
736,8,8,1,5,9,3,1,9,5,6,3,8,7,8,2,2,2,8,0,4,8,1,0,5,4,10,5,4,6,2,3,1,8,2,9,2
737,4,7,3,2,10,10,10,6,2,0,9,5,2,0,10,6,6,8,9,5,7,3,6,10,10,4,0,7,0,7,10,6,8,0,5,9
738,5,17,2,14,21,22,2,26,25,10,15,4,7,14,28,10,22,12,7,25,16,9,16,7,27,11,15,18,19,10,29,16,13,0,3,30
739,0,18,9,4,17,3,7,3,3,12,12,10,0,16,20,7,7,5,10,8,14,18,6,8,5,19,2,16,1,18,19,18,19,12,15,7
740,2,6,11,3,20,16,29,27,16,13,13,4,25,3,6,8,20,20,16,14,15,10,30,4,23,28,23,29,5,9,21,0,10,19,30,26
741,9,6,8,10,6,2,9,0,7,3,2,8,1,4,5,7,2,7,6,8,10,8,10,3,10,0,6,0,3,6,4,3,5,2,3,1
742,26,21,3,5,23,14,30,23,1,3,6,26,9,27,2,19,5,29,22,19,5,20,7,23,30,3,7,19,15,23,12,12,11,6,6,1
743,6,2,2,9,2,5,0,8,4,4,6,3,0,2,1,4,4,7,1,9,0,9,8,5,7,8,6,5,6,2,4,2,7,7,1,8
744,1,4,5,19,1,9,19,10,15,5,6,1,8,10,11,17,9,14,13,5,9,19,13,6,20,15,15,8,19,6,6,14,6,16,15,20
745,9,5,8,6,10,6,8,6,2,1,4,8,0,4,8,3,6,6,0,2,0,4,5,10,1,6,9,7,3,8,10,7,7,10,8,0
746,0,0,6,5,2,3,6,6,0,2,1,5,2,4,1,4,3,3,6,3,2,3,6,1,4,4,4,0,3,6,1,5,0,5,3,2
747,12,3,9,12,4,13,8,19,13,13,9,10,14,0,13,16,5,10,17,19,9,12,7,11,3,9,20,19,9,15,14,8,5,6,7,19
748,5,0,3,5,2,5,5,4,2,3,5,0,0,0,0,5,1,4,4,4,1,4,0,2,2,2,0,4,1,1,5,5,5,2,3,2
749,0,24,8,21,9,28,30,16,30,13,19,16,15,26,11,13,21,18,30,12,16,29,27,14,3,2,15,26,16,18,23,12,7,23,16,13
750,11,11,28,0,5,27,12,8,22,24,9,6,30,25,17,17,28,29,19,22,30,22,0,7,10,15,4,13,12,2,18,15,26,4,26,21
751,13,12,17,10,13,9,15,6,8,15,6,12,17,14,7,18,6,7,20,3,12,0,11,8,20,9,2,11,2,4,7,3,4,4,18,13
752,1,5,1,3,1,7,7,5,9,5,1,6,4,0,1,5,7,5,1,5,10,8,2,10,2,5,10,0,5,10,2,10,6,9,9,0
753,0,0,2,0,0,2,0,0,0,1,1,2,1,2,2,1,2,2,2,0,1,2,0,2,2,0,1,2,1,2,0,2,2,2,0,1
754,3,10,13,5,26,2,30,20,4,27,14,13,12,4,1,3,10,8,2,30,21,23,17,6,9,14,2,27,10,11,28,19,28,23,13,23
755,0,2,0,3,4,2,2,3,5,3,3,2,5,3,2,4,3,1,3,4,2,5,2,4,1,5,2,2,5,2,4,0,0,2,4,3
756,6,4,10,8,15,10,20,20,14,19,7,1,17,16,6,3,10,4,15,18,16,10,0,14,9,16,16,15,13,13,16,9,12,3,11,5
757,1,1,3,2,1,4,3,2,4,1,1,2,4,3,2,2,2,2,1,2,4,3,3,2,4,0,4,1,4,3,2,0,2,1,2,2
758,9,16,6,17,17,1,7,2,9,10,15,20,0,0,15,7,12,18,1,19,16,4,18,5,16,11,5,16,15,2,10,17,12,16,20,5
759,11,24,4,0,30,2,9,17,29,20,5,30,2,1,6,22,15,16,1,15,29,3,14,22,19,30,12,0,25,9,25,8,26,0,13,9
760,13,4,25,19,5,25,15,24,13,0,26,18,15,16,12,28,30,12,0,6,10,9,0,10,1,29,16,17,1,17,14,11,22,0,10,20
761,8,4,3,6,13,17,14,20,9,0,10,12,20,7,11,15,4,14,7,4,14,0,1,5,7,2,15,18,5,11,3,0,1,12,5,0
762,3,6,7,6,3,6,0,4,4,5,4,7,6,5,0,2,3,5,2,6,0,7,4,5,4,1,3,4,8,7,8,5,5,0,6,8
763,6,12,12,17,5,20,12,18,3,3,2,8,14,16,12,3,20,16,18,6,0,15,5,13,18,15,5,17,10,20,12,11,8,8,0,17
764,5,1,17,11,17,7,20,10,16,18,6,13,12,14,18,11,14,15,16,5,9,2,8,5,18,19,0,5,19,6,6,7,2,8,9,7
765,8,3,5,5,3,7,10,3,8,8,7,0,6,6,3,6,4,7,5,8,8,7,10,5,3,5,9,8,7,9,5,4,2,1,4,5
766,2,2,0,2,2,0,0,2,2,2,1,2,0,1,2,0,2,2,1,1,1,2,2,1,2,0,1,0,0,1,0,1,2,2,2,1
767,1,5,0,5,7,0,0,6,3,9,6,8,9,8,1,6,5,2,9,6,9,10,6,1,10,10,7,3,1,5,1,7,0,9,8,1
768,0,1,0,0,1,1,2,0,1,0,2,2,2,0,2,2,1,2,1,0,1,0,0,0,2,0,1,2,0,1,0,2,1,0,2,1
769,14,10,5,19,15,1,6,0,10,20,0,2,0,10,20,20,8,10,1,14,5,2,11,12,0,12,11,7,16,18,1,17,17,16,5,12
770,2,8,11,27,16,11,18,20,29,8,16,12,20,13,9,17,8,25,16,0,28,2,23,5,13,22,25,10,15,19,2,5,1,6,14,15
771,14,24,2,25,15,3,28,30,24,11,3,12,0,29,12,23,16,28,19,21,18,10,22,1,25,1,19,22,9,23,24,15,24,11,10,24
772,0,1,7,6,3,7,6,3,1,2,2,3,0,2,2,4,2,0,0,1,5,1,3,1,7,0,2,7,2,0,5,7,0,3,2,3
773,8,5,8,4,1,4,9,4,5,3,4,7,5,6,0,6,4,4,1,4,10,0,2,7,3,1,0,5,8,8,7,7,0,3,0,0
774,29,22,0,0,28,20,0,24,24,30,30,6,16,27,9,23,18,11,17,11,17,11,3,3,5,26,25,6,18,29,26,9,4,29,9,13
775,2,0,0,0,2,2,2,2,0,2,1,1,0,0,1,1,1,1,0,0,1,1,1,0,1,1,2,2,0,1,0,0,1,2,0,2
776,4,7,3,6,2,3,7,5,6,10,7,4,10,0,2,0,5,4,2,6,9,1,2,10,1,3,7,5,7,1,2,3,5,7,7,2
777,1,1,1,2,0,1,2,1,1,2,0,2,1,0,1,1,1,1,0,0,0,0,2,0,2,1,2,2,2,1,0,2,1,2,2,1
778,8,0,9,4,1,3,0,5,6,10,1,4,3,3,7,0,3,2,4,2,7,8,7,0,10,6,5,6,5,7,2,3,3,1,5,6
779,3,1,6,3,2,2,0,6,6,3,5,2,1,4,2,0,3,2,2,2,0,1,0,0,5,6,4,3,0,5,3,1,2,1,2,4
780,2,29,16,3,8,3,30,21,25,10,1,26,23,2,25,3,21,28,7,28,25,11,17,25,0,19,27,2,27,26,6,22,27,12,23,10
781,1,7,0,7,6,9,1,7,4,4,2,10,5,8,10,3,8,1,6,2,5,9,1,3,1,3,1,6,4,6,8,8,1,0,0,2
782,7,5,1,0,1,6,0,5,0,8,0,7,2,6,7,8,3,6,4,8,0,2,1,3,3,6,7,3,4,7,5,0,2,8,7,4
783,11,1,11,18,18,3,15,4,0,2,20,4,1,17,3,17,0,12,20,1,20,19,12,4,18,9,4,19,10,18,9,4,8,17,2,18
784,0,4,4,8,7,5,5,8,5,8,8,0,7,7,1,3,4,5,4,0,7,7,1,3,0,1,5,2,3,8,6,4,8,6,7,1
785,5,13,16,4,14,5,0,13,8,11,0,5,14,10,18,20,20,14,7,2,13,10,9,20,8,18,17,2,7,6,18,15,10,18,17,3
786,20,11,7,8,4,14,15,20,7,19,14,16,11,14,6,4,20,13,16,11,8,5,1,13,13,8,15,5,9,14,6,6,13,14,0,19
787,24,7,17,7,12,18,2,19,7,15,19,11,28,21,28,22,10,21,13,23,22,1,16,19,25,3,3,18,22,3,4,2,3,13,24,15
788,9,8,6,1,2,6,1,9,9,10,0,4,3,8,8,4,5,10,0,2,0,2,0,0,2,4,7,3,10,3,4,6,10,6,10,1
789,8,5,6,2,1,4,2,4,9,6,7,5,3,7,7,5,1,3,5,0,1,2,1,1,9,5,3,8,2,1,3,8,0,0,4,4
790,0,1,0,1,0,1,1,0,1,0,0,1,1,1,1,1,2,2,2,0,1,0,2,0,0,2,0,2,1,1,2,0,1,1,1,0
791,2,2,4,4,0,4,5,3,6,8,2,7,10,3,3,0,7,7,1,10,3,10,9,4,1,1,9,8,9,8,0,4,7,7,2,0
792,7,3,4,8,5,10,3,0,9,5,2,0,3,4,9,2,6,0,8,10,7,9,2,9,3,10,9,4,6,9,8,1,5,7,7,6
793,2,0,2,1,0,2,0,0,1,0,1,2,0,2,1,2,2,2,1,2,2,0,0,2,2,1,2,2,1,0,1,0,1,0,1,2
794,1,4,2,0,1,3,1,0,3,0,2,4,4,0,2,3,2,1,4,2,1,4,0,0,0,3,1,0,2,0,3,2,2,2,1,3
795,3,2,6,10,4,0,8,5,1,4,7,7,3,6,4,6,6,0,3,7,7,1,6,5,5,3,8,9,6,10,9,3,2,4,4,2
796,10,6,0,6,16,15,2,10,3,0,19,19,16,13,15,7,2,4,19,5,16,1,2,19,18,12,20,1,10,19,14,7,2,3,0,1
797,10,4,9,3,4,5,4,5,7,8,2,1,9,8,1,1,2,7,10,5,9,1,8,2,2,0,2,6,6,4,8,8,5,6,9,2
798,2,0,2,0,1,2,1,0,2,1,0,2,0,0,0,2,1,1,2,1,0,0,0,0,2,0,0,1,0,2,1,2,0,0,2,2
799,13,9,13,2,18,14,14,1,17,6,17,16,9,10,18,10,19,0,11,11,9,10,9,18,6,5,14,5,7,14,18,2,10,8,12,16
800,4,11,6,17,2,1,17,14,6,4,9,18,9,14,2,20,9,12,2,2,1,15,8,14,14,16,19,7,8,13,20,12,11,18,10,2
801,2,12,3,7,12,0,3,2,14,15,20,17,10,18,7,12,9,3,6,18,20,7,8,4,6,10,3,19,18,13,2,7,13,1,10,3
802,1,3,2,2,3,1,3,3,1,1,1,2,0,2,0,0,3,1,1,3,1,0,2,3,3,3,1,2,0,0,0,1,3,0,2,1
803,4,1,5,2,2,1,1,1,5,5,0,5,0,5,2,5,3,2,5,2,5,3,5,2,5,1,3,1,4,1,3,0,1,5,4,0
804,5,6,2,24,19,3,15,16,12,22,1,1,27,9,12,14,18,10,19,20,0,17,27,26,13,25,17,29,6,16,6,10,23,12,21,25
805,18,9,13,1,12,13,8,1,18,5,5,20,16,11,2,20,2,13,17,14,16,15,18,12,18,4,9,8,5,12,15,14,4,8,0,20
806,3,8,10,0,8,10,0,7,4,7,1,7,3,5,7,4,4,5,2,6,9,5,8,6,10,2,5,2,9,5,6,10,7,6,8,1
807,9,2,4,1,6,3,7,7,8,8,4,5,4,5,2,7,10,4,8,1,9,9,6,9,3,3,2,9,0,1,2,3,7,9,0,8
808,8,1,1,5,10,2,10,5,7,8,4,1,3,10,9,2,8,3,7,0,3,0,9,2,7,3,0,2,10,7,6,4,0,0,7,10
809,11,23,23,29,7,16,30,27,23,27,8,7,10,23,9,0,28,29,28,8,17,14,13,7,15,26,1,6,22,14,26,10,4,12,27,28
810,27,6,15,23,12,6,15,13,4,29,9,4,0,5,21,20,29,2,20,2,13,18,14,6,25,4,22,6,17,11,9,24,10,3,18,6
811,8,3,4,0,7,10,4,7,0,7,9,0,9,1,3,0,7,10,1,6,7,4,6,9,0,8,7,1,1,9,4,7,5,7,10,4
812,16,1,15,7,13,3,0,13,2,9,19,13,12,2,4,2,9,7,7,8,10,18,4,18,20,1,17,17,13,20,12,4,16,2,17,0
813,0,3,5,2,1,6,9,6,10,5,9,6,8,0,10,7,8,9,9,7,5,3,6,3,0,6,8,4,4,6,0,6,3,5,9,8
814,30,13,28,19,17,14,23,12,28,4,30,6,13,26,13,5,13,12,25,19,17,13,9,10,26,1,17,3,8,13,7,6,23,13,23,15
815,3,3,6,9,1,1,8,4,3,9,6,5,4,1,2,4,8,9,2,8,4,7,7,10,0,4,9,10,1,7,3,3,1,1,5,4
816,7,7,6,6,6,4,7,7,4,5,3,0,7,5,5,6,2,3,7,3,5,2,3,5,2,4,0,2,4,2,2,3,7,4,3,2
817,4,5,7,6,6,6,3,3,8,3,4,7,3,0,6,6,6,1,6,2,3,5,0,6,5,4,5,3,2,5,4,8,7,8,5,2
818,2,6,1,1,4,3,8,1,6,7,6,5,5,5,6,1,5,0,3,2,8,3,4,0,6,8,7,6,4,7,1,2,7,7,0,2
819,1,0,9,8,4,5,4,4,5,6,0,8,8,2,7,0,0,0,7,10,4,0,8,1,8,6,2,3,0,2,0,2,9,2,6,10
820,5,1,0,1,7,6,5,2,2,3,8,10,9,9,9,9,5,6,1,7,2,1,1,3,6,6,2,2,5,9,0,0,10,2,1,6
821,8,10,3,5,5,1,5,8,6,2,6,2,4,3,8,6,1,7,7,0,7,10,7,3,7,10,4,0,0,6,4,9,10,10,9,7
822,4,14,0,18,15,20,0,16,6,13,4,5,5,5,18,16,7,14,17,8,16,19,8,13,9,6,8,18,1,1,5,18,17,13,13,16
823,14,4,9,4,20,14,14,15,11,10,4,8,11,20,18,9,2,0,5,5,13,17,5,14,14,12,2,11,13,8,12,12,14,3,15,5
824,29,21,3,7,22,22,28,0,29,1,8,30,16,12,6,8,8,24,15,14,29,25,3,12,6,26,2,26,30,24,22,0,20,11,23,29
825,7,8,1,5,8,0,6,2,5,2,4,3,5,8,5,7,2,8,3,1,6,2,7,6,2,0,3,5,0,4,6,1,1,3,3,5
826,8,0,8,6,7,2,1,6,7,0,1,10,5,0,5,4,5,10,10,4,3,0,8,6,4,6,6,6,5,10,3,5,9,7,6,6
827,4,7,10,0,10,6,5,0,5,0,3,9,10,2,4,8,10,2,8,4,2,2,1,0,5,10,8,0,1,9,3,7,5,3,7,10
828,0,18,8,11,19,19,6,15,8,20,19,2,13,19,4,16,2,4,4,13,10,2,0,2,14,7,15,7,10,16,6,1,6,5,11,19
829,6,23,9,4,12,11,24,29,21,15,12,8,18,25,7,13,22,24,30,3,3,22,18,29,11,3,3,3,17,8,17,15,25,0,20,13
830,4,2,4,7,4,2,4,1,2,7,8,4,4,5,3,2,10,9,10,0,0,10,0,4,8,4,10,5,10,4,1,7,0,7,3,6
831,10,5,9,5,6,2,10,9,8,9,0,2,5,2,6,0,4,9,6,1,2,5,9,9,10,4,7,9,4,0,8,8,1,7,9,4
832,7,0,7,9,1,9,4,1,1,7,2,2,4,8,2,4,4,1,6,4,8,9,5,6,8,8,4,3,5,4,9,0,3,6,0,9
833,26,23,6,16,8,26,29,14,19,25,21,23,28,17,13,9,15,14,16,1,4,16,6,0,23,26,27,10,15,15,13,28,3,17,9,17
834,5,2,4,5,2,1,6,0,6,0,1,3,2,4,4,6,5,4,4,4,4,3,1,4,3,4,5,0,2,1,3,6,6,3,1,6
835,7,3,3,5,6,7,8,1,3,7,1,10,7,9,0,5,8,9,6,7,0,4,7,8,7,6,3,5,4,10,6,8,7,8,3,3
836,6,6,2,1,9,1,7,0,8,6,2,10,6,2,9,2,3,4,8,3,9,2,1,2,8,3,5,10,10,1,5,8,0,3,6,0
837,3,11,7,10,2,14,17,2,10,12,19,10,15,13,17,9,6,12,6,1,8,8,7,2,17,7,13,11,10,9,15,1,19,20,10,6
838,4,3,5,6,1,5,0,3,4,6,1,3,5,2,0,3,3,5,1,3,5,5,4,3,1,2,0,4,0,5,6,4,5,3,5,4
839,5,2,6,6,2,3,3,6,5,3,10,3,0,7,4,10,8,2,0,5,0,8,9,8,9,5,5,10,8,6,0,9,6,7,5,7
840,20,12,10,2,10,17,13,15,18,7,6,12,13,6,11,15,2,20,18,9,16,8,12,2,8,7,15,2,13,12,17,8,11,4,17,17
841,14,3,3,3,10,19,12,14,7,18,3,2,6,2,2,9,10,12,16,10,11,10,11,9,19,9,18,1,8,4,12,19,0,18,5,16
842,21,0,13,16,13,0,6,14,18,29,17,25,16,30,12,12,1,14,21,18,7,16,3,24,22,12,13,30,23,0,21,19,11,1,9,29
843,3,1,1,0,1,1,1,2,1,1,0,3,0,2,0,2,1,0,3,1,3,0,2,2,2,1,1,1,1,0,0,3,0,1,3,1
844,4,16,18,4,7,13,6,1,5,11,10,15,18,19,3,20,17,12,18,15,7,5,6,18,11,19,10,5,4,7,12,16,6,13,18,4
845,0,3,0,0,2,4,2,0,1,3,0,1,2,1,2,4,1,1,2,1,4,0,1,3,0,0,2,4,1,3,3,1,3,2,1,0
846,8,7,5,17,16,18,14,6,6,9,13,6,12,5,19,12,0,9,5,16,9,5,14,8,1,15,1,19,1,3,16,8,20,17,20,9
847,8,4,2,10,8,6,2,2,6,5,6,7,3,7,3,8,2,8,2,0,7,6,2,1,10,8,7,10,6,6,2,2,7,7,7,10
848,0,0,6,0,3,4,6,4,2,0,0,1,3,6,5,6,3,6,0,5,0,0,1,2,6,0,2,6,3,1,2,3,0,2,4,5
849,9,7,17,1,13,6,8,18,8,14,9,2,6,7,5,1,9,1,3,11,18,8,18,8,16,18,6,14,2,0,16,13,16,11,13,7
850,17,2,2,4,5,7,9,6,17,20,4,0,16,10,18,14,0,7,0,8,10,20,8,10,11,16,6,7,5,6,17,2,20,8,14,0
851,5,1,5,2,10,5,8,10,4,3,3,0,1,4,7,4,9,4,0,7,2,0,0,4,0,1,0,10,9,7,1,3,7,2,6,8
852,16,7,14,10,10,13,7,0,0,2,11,1,12,12,12,18,12,13,1,11,14,6,9,8,1,3,2,0,16,16,17,12,1,0,3,19
853,2,4,0,1,2,4,1,2,5,5,0,1,3,2,2,5,3,2,0,5,1,5,5,1,1,2,3,5,1,3,1,0,1,2,0,4
854,2,4,2,7,6,3,1,3,4,6,6,2,3,6,1,3,3,3,5,2,4,4,2,5,5,2,7,7,0,1,0,4,6,5,4,6
855,9,0,6,5,6,2,2,4,3,1,7,6,6,4,6,0,9,6,1,2,10,1,8,10,9,7,7,10,1,7,6,8,0,1,0,10
856,10,0,6,2,1,3,10,7,0,0,5,8,3,8,8,6,1,1,6,9,3,3,2,4,6,6,1,5,8,9,8,6,7,10,3,7
857,12,24,11,19,21,3,26,11,4,26,12,19,14,16,2,15,4,24,27,19,18,13,13,10,25,27,14,7,8,13,12,28,18,4,1,10
858,5,4,3,2,4,2,7,10,1,3,9,2,6,5,2,7,6,10,0,10,6,9,9,0,3,5,9,6,2,8,7,10,9,6,10,9
859,7,0,25,12,24,11,21,9,3,21,7,10,2,22,10,12,13,8,9,17,14,13,25,14,1,24,18,12,19,7,17,30,29,10,7,7
860,1,7,7,6,9,12,0,16,18,15,15,20,18,17,10,7,6,20,17,0,0,17,7,4,4,20,8,11,13,10,2,15,1,13,1,3
861,3,3,4,8,10,1,4,2,7,6,10,10,8,2,7,5,6,2,9,3,5,10,2,1,7,0,9,8,0,2,9,1,6,0,7,8
862,6,5,2,5,0,0,3,6,3,3,2,0,6,1,0,3,4,1,0,2,2,1,5,5,6,2,3,3,4,3,5,5,6,1,2,1
863,7,17,9,28,7,5,2,30,25,13,22,4,30,5,8,10,25,4,20,10,2,18,10,0,0,23,8,5,16,18,13,2,3,5,15,24
864,4,5,5,9,2,5,0,0,2,9,10,3,8,7,5,10,4,0,2,8,7,1,5,8,0,8,0,5,4,8,0,10,0,3,10,0
865,0,9,5,10,9,5,3,3,8,6,0,10,4,7,6,0,4,8,10,4,5,5,2,6,2,3,10,0,6,8,2,2,0,4,7,9
866,2,0,6,2,5,3,1,1,4,6,6,0,0,0,4,4,6,1,6,3,2,6,1,5,2,2,0,5,1,5,6,2,4,0,0,5
867,18,16,17,4,16,9,6,2,18,17,5,18,18,1,13,10,5,7,2,8,10,8,12,19,8,19,11,7,2,17,4,2,0,6,20,15
868,2,16,14,3,2,10,3,18,30,11,9,16,2,14,5,14,1,10,24,16,30,29,14,7,4,17,4,29,28,24,26,14,9,13,24,9
869,22,23,24,17,2,24,22,27,12,3,18,28,8,9,30,6,1,18,4,14,25,13,14,6,2,14,3,19,8,23,10,9,4,1,24,14
870,2,3,1,2,0,0,3,2,2,2,1,1,1,1,0,2,1,1,1,1,1,1,1,0,2,1,0,0,1,2,0,3,1,0,1,3
871,7,3,10,7,0,4,7,5,3,1,2,10,10,3,1,1,7,3,6,1,5,4,3,10,4,4,3,1,0,6,8,1,1,6,0,3
872,2,5,22,10,20,4,4,15,24,15,23,11,10,3,0,24,10,12,27,17,12,10,14,25,12,24,19,3,24,0,22,6,1,27,5,3
873,0,1,1,1,0,0,0,0,0,1,1,0,1,1,1,1,1,1,1,1,0,1,1,1,0,1,1,0,0,1,0,1,1,0,1,1
874,11,16,2,7,8,4,5,5,8,8,19,1,5,1,4,13,3,17,7,13,6,15,6,13,18,1,5,5,14,18,12,10,19,0,5,4
875,6,2,6,5,9,9,9,8,7,7,5,5,6,0,9,3,9,8,9,3,7,2,10,0,10,1,2,6,4,0,5,1,6,6,8,6
876,14,8,9,4,16,12,9,0,13,17,15,2,10,17,17,2,0,18,5,18,16,13,12,20,11,1,18,10,3,12,1,17,11,14,3,16
877,1,0,4,1,3,6,2,3,5,6,1,6,1,0,0,2,5,0,2,4,5,4,3,3,5,6,0,1,1,0,4,3,5,6,6,1
878,8,9,1,7,6,2,1,2,2,0,3,1,8,4,3,8,7,4,6,8,6,2,5,1,3,4,3,9,0,0,0,4,8,7,0,2
879,6,0,0,2,0,0,4,4,6,1,4,5,0,0,0,6,2,3,4,1,7,2,2,5,7,6,2,5,0,6,7,3,2,2,0,2
880,0,3,2,3,4,8,1,8,0,1,8,7,1,5,3,0,5,0,5,2,8,7,5,2,3,3,5,3,7,2,0,0,7,8,8,1
881,1,0,8,5,0,10,1,7,0,3,7,10,0,8,7,9,10,1,4,2,0,4,9,3,9,1,9,8,1,0,5,0,5,6,3,8
882,5,2,29,29,3,29,8,1,3,2,30,30,8,13,14,17,24,27,25,30,1,23,26,8,26,15,30,19,7,28,20,19,28,7,11,23
883,5,6,0,10,9,10,3,2,2,0,5,10,4,9,3,7,6,3,4,4,8,8,1,3,8,8,2,6,6,5,3,2,10,1,0,1
884,7,4,4,6,3,3,2,2,5,3,6,2,2,7,1,7,2,6,6,2,6,2,6,7,6,1,2,6,2,0,3,0,5,1,5,4
885,11,0,15,9,16,4,2,14,14,20,16,9,14,6,10,4,12,14,15,6,15,19,19,15,9,3,20,15,3,10,16,19,7,18,11,11
886,6,13,6,0,2,6,1,6,10,2,8,20,9,19,9,7,19,11,3,9,16,3,0,16,14,11,12,17,12,0,16,5,4,12,9,7
887,0,1,6,1,7,0,4,3,4,0,7,5,1,5,7,2,3,5,4,1,0,3,4,1,7,6,3,4,4,4,6,7,1,0,3,3
888,8,2,3,0,10,0,5,4,4,4,7,1,6,7,1,5,0,3,9,10,3,6,8,10,3,9,1,8,4,5,8,2,6,0,0,2
889,8,9,5,4,8,1,9,9,9,10,5,1,7,1,2,0,9,0,7,2,4,2,9,7,1,9,6,8,9,0,2,3,3,7,9,2
890,9,5,5,9,9,2,4,4,10,1,9,5,9,3,2,8,3,4,5,6,1,10,8,8,2,0,1,6,3,2,9,5,1,8,10,9
891,13,13,24,18,17,24,3,19,26,24,18,21,26,6,5,7,5,16,4,21,19,0,15,30,12,16,24,9,14,11,8,13,11,20,15,30
892,0,0,3,1,9,5,9,7,9,2,8,10,5,3,4,6,4,0,1,2,7,6,1,3,7,3,0,5,9,8,6,3,7,0,1,10
893,8,10,0,8,10,5,7,0,4,1,1,0,1,7,7,6,2,5,1,3,9,9,7,1,7,2,10,2,2,6,9,6,0,5,6,10
894,6,0,6,10,4,0,4,6,3,3,3,8,5,8,8,10,8,9,5,7,10,4,7,10,5,4,7,4,3,7,0,10,1,10,5,2
895,9,5,6,10,10,5,6,8,4,10,9,8,7,1,1,6,2,9,1,8,8,9,6,3,7,7,1,10,6,10,0,6,8,9,1,6
896,17,14,17,8,7,12,18,7,18,6,10,16,15,5,12,8,0,4,6,5,0,17,8,4,3,13,15,7,16,17,11,15,18,13,10,20
897,1,3,2,3,2,0,0,2,3,1,3,2,3,1,2,2,2,1,2,3,2,0,0,1,0,1,1,0,0,0,0,0,0,1,2,0
898,30,24,18,11,17,6,9,5,27,17,5,0,26,23,13,2,23,25,19,17,15,8,26,16,9,24,17,4,19,20,19,18,1,2,27,6
899,11,14,20,4,20,10,19,12,7,0,14,2,9,14,5,9,16,14,3,16,17,16,16,15,9,14,16,3,20,14,19,2,8,19,15,7
900,2,9,3,10,8,10,2,4,4,10,4,2,3,10,5,7,3,1,6,3,10,5,5,0,4,3,10,3,1,3,2,4,5,2,5,3
901,0,6,9,0,0,8,2,5,10,5,4,8,0,3,0,6,8,1,9,2,5,4,6,7,0,10,2,5,1,10,5,9,6,0,4,1
902,18,17,3,3,7,16,19,7,12,5,10,12,6,8,1,5,20,1,13,4,2,0,5,1,7,5,20,14,12,14,14,9,12,16,20,13
903,8,9,1,2,3,2,7,8,8,7,3,6,8,8,10,8,2,1,5,3,3,10,9,9,3,0,7,6,5,4,1,0,1,9,7,3
904,1,0,1,0,0,1,0,0,1,0,0,1,1,0,0,0,1,0,0,1,0,0,0,1,1,0,0,0,0,1,0,1,1,0,1,0
905,6,2,7,16,10,23,11,15,3,20,11,12,24,13,29,11,22,25,30,16,19,0,12,9,21,22,29,19,25,29,24,25,24,12,14,12
906,19,20,0,0,16,1,15,8,13,4,9,1,19,10,1,4,2,0,13,10,1,0,4,2,2,4,20,4,8,7,7,2,5,17,16,6
907,17,7,12,10,8,2,11,5,12,1,19,8,12,19,3,3,12,13,16,6,12,11,9,20,8,7,18,7,0,18,15,0,12,8,18,4
908,16,17,13,3,16,11,8,1,9,18,7,13,17,7,10,1,16,17,13,15,19,17,20,13,5,2,13,17,15,11,20,7,10,18,14,1
909,1,16,17,11,13,0,16,20,15,15,1,17,6,3,18,11,18,14,5,14,15,19,9,10,18,0,1,3,14,20,8,6,7,18,6,7
910,3,3,1,0,0,1,1,2,3,0,3,1,1,1,3,1,0,2,1,0,2,2,3,1,3,2,2,1,3,0,1,0,3,0,1,3
911,0,2,3,0,0,1,2,3,5,3,5,4,0,5,5,1,3,0,4,1,3,4,1,0,3,4,0,1,2,3,0,1,5,0,3,0
912,30,19,27,27,28,8,15,10,1,3,27,7,27,24,18,12,5,11,11,26,29,23,17,0,6,8,9,18,20,20,8,0,29,10,30,28
913,3,2,0,8,9,8,3,3,5,3,5,4,2,4,2,7,2,7,9,4,6,0,3,9,10,3,4,9,7,10,9,8,9,10,0,5
914,8,2,13,19,19,7,19,10,11,20,9,5,6,6,8,6,12,4,10,12,2,8,3,20,17,2,5,9,6,14,5,1,15,15,9,15
915,8,5,9,0,2,2,7,17,16,9,12,14,1,6,17,17,20,2,13,2,2,10,6,19,14,18,5,1,6,20,8,15,16,9,14,11
916,2,0,9,0,10,8,5,10,10,1,5,0,7,1,8,9,9,1,4,9,5,2,7,6,6,1,3,3,10,6,6,2,0,6,5,9
917,12,15,8,1,6,3,1,16,8,15,8,11,11,15,19,13,17,12,8,16,17,13,14,2,12,4,17,1,3,6,20,6,5,4,15,16
918,0,4,5,3,2,2,5,3,5,3,2,4,1,0,4,3,3,0,5,1,3,5,5,0,0,3,5,4,4,4,0,4,0,2,3,4
919,1,5,0,6,6,0,0,7,5,4,6,8,10,3,10,4,3,1,6,3,6,1,4,8,2,0,7,10,0,1,9,3,8,0,3,9
920,2,5,1,9,5,7,5,6,6,1,7,10,6,4,2,4,1,8,5,0,3,6,6,9,6,9,1,2,2,0,1,7,7,2,9,4
921,5,3,4,5,6,4,0,4,6,10,3,2,1,7,4,3,5,7,2,1,5,8,9,3,10,4,0,3,10,0,2,8,7,0,4,8
922,8,25,17,27,14,29,1,18,5,10,25,5,20,4,23,2,2,5,15,20,25,27,8,3,18,8,26,9,13,17,11,30,12,2,4,0
923,0,17,14,6,10,11,18,8,17,5,5,1,3,17,4,0,7,7,4,17,19,15,11,13,9,16,5,4,19,11,9,10,16,9,1,13
924,0,1,1,1,0,1,1,0,0,1,0,0,1,0,0,1,0,1,1,1,0,1,1,0,0,1,1,1,1,1,0,1,1,1,1,0
925,3,0,3,2,4,2,1,2,0,1,2,3,2,0,2,2,1,3,0,0,3,3,4,1,1,1,4,2,4,4,4,3,1,0,1,0
926,9,4,0,2,2,0,9,1,0,8,6,7,7,5,3,7,6,8,7,7,5,4,9,10,9,0,1,8,5,9,6,3,2,0,8,6
927,10,24,8,25,7,16,30,3,27,0,26,24,1,30,12,28,26,7,24,29,4,9,17,22,29,28,18,22,19,6,20,11,3,20,28,12
928,6,11,14,4,8,3,5,7,16,7,15,5,5,18,3,19,20,20,10,19,10,19,6,6,16,12,12,11,14,20,12,17,8,18,8,14
929,1,7,8,2,2,7,10,2,2,2,1,1,2,7,2,0,9,5,5,9,5,9,6,0,3,3,5,5,10,5,2,6,4,9,4,8
930,4,9,0,9,10,1,8,1,2,3,9,8,10,3,10,6,9,6,3,7,8,0,9,0,8,4,10,10,9,3,2,6,0,6,0,5
931,29,9,3,27,14,26,16,22,17,28,7,24,30,21,26,4,26,6,23,19,19,8,12,12,8,15,7,6,7,25,21,27,28,23,9,11
932,8,14,0,6,4,8,17,5,17,17,9,1,11,0,4,13,0,4,2,8,3,13,6,10,3,9,17,0,17,2,9,10,20,4,5,14
933,8,6,3,3,9,8,6,5,10,2,9,4,7,1,8,7,0,9,7,10,5,4,8,4,5,0,7,2,5,9,2,7,10,8,3,10
934,0,0,1,0,1,1,0,1,2,2,0,0,0,2,0,2,0,1,0,0,1,2,2,0,0,1,2,0,2,2,2,0,0,1,0,1
935,12,29,28,28,23,25,2,8,10,27,0,19,10,24,15,10,14,19,29,24,14,26,22,24,6,8,24,26,16,26,6,21,24,23,12,8
936,10,18,7,13,17,8,12,5,19,8,4,19,6,9,6,12,13,3,20,19,15,0,3,15,1,4,6,16,17,5,13,11,13,9,0,19
937,7,12,17,17,15,19,0,20,16,14,18,15,2,0,12,3,11,19,20,12,18,4,8,0,7,7,12,7,4,11,1,20,13,6,12,15
938,10,4,3,8,6,6,1,6,7,10,3,4,3,10,5,3,9,2,1,3,9,7,2,3,2,6,10,8,0,9,4,9,7,10,2,8
939,4,2,9,5,9,4,9,1,8,7,3,8,5,2,5,9,5,5,7,3,4,1,5,6,1,5,4,4,6,4,3,10,4,1,5,0
940,17,16,20,13,5,14,7,7,15,9,14,6,8,6,12,14,15,12,13,10,5,17,0,16,13,7,8,11,20,5,18,17,9,8,5,17
941,0,3,3,2,3,1,2,2,0,1,0,1,2,2,1,1,4,0,3,0,2,3,3,4,3,3,1,2,3,2,3,3,3,3,4,4
942,13,29,18,11,3,19,24,19,4,1,11,6,10,14,11,19,29,13,13,20,3,17,28,0,14,28,29,22,18,18,1,13,24,3,27,9
943,4,0,0,3,2,6,6,4,0,1,4,6,5,1,4,3,0,0,4,2,3,5,0,0,6,3,4,0,6,4,4,4,6,2,2,6
944,1,0,4,5,7,10,2,9,9,5,2,0,10,3,8,1,3,8,3,6,2,5,4,4,2,1,4,6,1,10,10,6,3,7,5,5
945,2,4,0,1,4,3,2,1,3,1,2,0,0,0,0,2,1,4,2,3,2,2,1,0,0,1,4,0,2,2,0,3,1,4,0,3
946,1,3,2,0,3,2,1,0,2,2,3,2,0,3,0,3,0,3,0,3,1,0,1,2,0,3,1,0,0,1,1,1,3,1,3,1
947,0,16,8,18,16,5,15,8,9,16,1,2,17,1,8,11,3,2,11,7,9,16,7,11,15,1,13,5,1,6,12,14,13,18,10,13
948,4,0,1,0,0,4,4,5,4,4,6,3,5,2,1,2,0,3,0,1,5,0,0,2,3,8,7,3,2,1,5,4,6,5,5,5
949,0,2,0,0,0,1,3,1,3,0,0,2,2,0,0,3,0,0,3,0,0,0,3,0,0,3,0,3,0,0,3,0,1,0,2,3
950,16,18,18,9,23,18,1,9,25,20,9,0,28,16,8,2,9,15,3,9,3,21,0,9,30,23,19,17,9,5,8,27,22,12,12,30
951,0,2,1,0,4,2,5,0,0,3,6,6,1,1,1,2,5,1,0,0,6,4,4,4,4,6,1,6,5,2,6,4,3,3,1,5
952,20,8,12,2,10,8,11,18,1,4,9,14,13,18,6,2,12,11,9,19,16,4,11,7,12,9,12,11,12,4,10,10,2,0,10,8
953,28,26,10,4,28,3,26,6,0,24,2,3,27,23,17,21,6,22,2,17,1,7,15,23,30,12,23,28,9,27,29,15,4,22,20,16
954,0,2,6,1,6,4,1,0,2,5,1,4,5,5,4,3,4,1,6,3,1,2,1,4,1,3,4,5,1,1,4,5,2,1,1,0
955,2,1,3,6,3,3,1,4,3,3,1,6,4,3,3,4,5,0,4,4,5,3,6,4,0,5,4,2,3,4,6,1,1,5,2,1
956,2,13,17,5,2,6,13,15,12,5,3,9,5,7,19,6,6,5,16,12,15,15,1,17,3,20,19,0,9,13,5,1,6,7,2,13
957,0,1,2,1,2,0,1,2,0,0,2,1,1,1,2,0,2,0,2,0,2,1,1,1,0,1,1,1,0,1,0,2,0,2,1,1
958,7,1,8,2,4,3,5,2,2,1,9,4,6,3,7,0,1,5,3,4,6,2,8,2,2,0,6,5,3,4,3,7,5,8,6,8
959,2,2,0,0,0,0,0,1,0,0,0,1,2,0,2,2,0,0,2,1,2,0,1,1,0,2,1,0,2,1,0,2,0,1,1,1
960,7,3,8,10,5,8,0,9,6,6,1,9,1,4,5,2,7,10,6,0,6,4,7,6,10,5,4,7,8,8,5,8,4,1,9,7
961,3,8,6,6,3,6,4,0,4,5,5,0,3,0,5,0,6,1,0,3,0,2,6,3,2,3,6,8,6,6,8,2,8,2,1,2
962,3,17,7,1,19,5,8,14,16,2,7,18,2,11,19,9,1,11,4,4,7,6,8,8,8,10,8,16,9,6,13,16,8,18,19,0
963,4,11,1,20,18,15,20,15,9,18,3,8,10,0,11,17,0,11,9,10,7,3,15,19,16,6,12,8,4,11,20,3,11,12,3,1
964,10,9,8,5,9,8,9,9,7,3,5,6,10,3,10,9,4,10,8,10,3,9,7,1,1,10,3,2,5,3,5,1,0,9,0,2
965,0,2,0,1,1,1,0,2,1,1,2,1,2,2,2,2,1,0,1,2,1,2,2,2,1,0,2,0,1,0,0,1,1,1,2,0
966,0,5,10,5,8,9,5,0,6,1,8,3,5,4,1,2,9,5,7,9,10,7,10,1,2,5,10,2,5,9,10,5,2,8,0,2
967,2,10,1,7,0,3,2,5,9,2,3,4,7,7,0,0,8,5,3,7,4,3,0,5,3,4,8,5,2,10,7,2,0,8,8,2
968,7,6,3,10,10,4,10,4,8,7,10,7,3,7,1,8,6,6,8,6,6,5,10,2,1,6,10,9,0,0,7,2,5,3,9,6
969,1,0,5,5,1,6,0,10,10,6,6,0,2,6,1,10,4,3,3,6,0,6,2,4,2,2,1,6,3,3,8,4,7,8,3,2
970,4,6,9,1,1,5,0,10,5,7,7,5,1,5,8,9,2,10,1,10,0,4,3,4,1,6,7,8,8,2,8,0,9,4,1,7
971,2,3,1,2,6,4,0,6,6,6,8,3,6,7,2,8,1,8,1,9,3,1,9,6,2,4,10,1,2,5,3,2,10,1,9,10
972,0,3,0,0,0,0,2,0,2,1,3,1,3,1,0,2,2,3,1,0,2,0,3,1,2,1,3,0,2,1,2,3,0,2,1,1
973,4,12,6,7,23,9,15,8,30,4,25,11,30,1,13,5,8,25,27,7,18,15,9,19,1,19,11,29,25,11,0,2,0,28,19,20
974,17,6,8,8,11,6,3,16,16,20,8,17,16,3,9,10,9,11,0,19,0,17,16,0,10,19,7,12,13,7,4,2,13,3,13,16
975,2,2,0,1,1,2,0,2,0,0,0,2,1,1,1,0,2,1,2,0,1,1,1,2,2,2,0,1,0,2,1,2,1,0,1,2
976,5,4,2,1,4,3,7,5,1,2,7,6,5,7,5,2,0,2,4,2,6,3,1,5,4,2,1,4,0,2,1,3,4,7,2,2
977,5,3,8,7,3,8,1,10,1,6,7,2,0,6,4,5,5,6,9,6,2,5,9,0,1,10,8,1,0,1,10,7,8,7,2,10
978,8,3,1,3,4,0,5,9,3,2,1,3,3,4,0,6,1,1,1,3,4,8,3,9,8,3,9,10,10,8,7,3,5,7,9,1
979,3,5,7,2,8,6,2,8,0,4,7,7,2,6,4,0,2,7,5,5,9,1,4,0,0,4,1,5,0,2,4,10,6,7,0,10
980,0,1,1,1,0,0,1,0,0,1,0,0,1,1,1,1,1,0,0,0,1,0,1,0,0,0,0,1,1,0,1,0,1,0,1,0
981,14,7,6,4,13,9,17,7,2,16,10,10,8,12,5,11,17,0,18,15,15,13,15,4,16,9,19,20,14,7,5,20,18,4,3,20
982,22,20,6,3,30,18,24,17,9,6,13,0,3,20,19,25,24,14,23,27,20,3,2,25,3,2,9,22,3,21,18,2,15,1,1,26
983,2,2,1,0,0,2,0,2,0,2,2,0,2,1,0,1,2,2,2,0,1,2,0,1,1,0,0,0,1,1,2,2,0,1,1,1
984,30,18,20,18,3,26,28,3,10,25,4,10,29,6,3,24,19,11,3,5,9,5,19,10,3,17,29,12,8,18,13,17,30,6,29,24
985,24,25,17,18,26,30,29,16,22,1,19,14,26,7,16,28,2,27,24,2,24,13,1,30,20,26,22,18,16,7,18,3,5,4,27,14
986,28,6,14,27,5,21,18,5,26,11,18,4,5,11,30,5,5,24,22,19,5,12,5,6,10,15,3,29,18,19,17,29,2,24,0,23
987,6,20,16,3,20,13,6,17,16,7,20,16,10,20,15,20,0,6,12,9,14,4,15,0,5,16,16,14,14,4,3,4,4,1,14,12
988,3,6,0,7,0,9,8,7,5,5,7,8,0,10,4,4,0,4,5,1,5,4,9,6,7,7,2,10,2,3,1,6,2,9,4,2
989,13,3,11,12,5,3,15,14,18,1,20,3,15,15,0,13,13,7,6,0,7,11,16,17,20,12,11,12,8,17,8,8,16,9,7,0
990,1,0,0,0,0,3,10,4,5,5,4,5,5,1,1,3,7,10,5,5,6,4,2,4,4,2,6,1,8,2,10,7,5,9,0,1
991,6,3,8,9,10,6,6,2,8,8,5,7,2,8,10,4,2,1,8,0,10,3,1,2,0,0,1,1,3,10,8,1,2,10,5,2
992,15,30,11,7,19,1,24,24,14,16,4,8,21,27,6,17,9,5,18,21,13,2,10,27,11,8,29,15,27,10,13,29,25,22,6,7
993,12,6,2,7,16,28,7,4,1,14,21,17,29,26,27,27,30,15,28,2,24,21,4,30,16,11,21,18,3,12,19,18,20,19,5,28
994,5,2,7,3,4,10,9,4,6,6,0,7,1,3,6,9,2,6,7,4,10,7,8,9,9,3,2,1,5,0,5,5,8,10,3,6
995,23,20,11,15,26,1,14,11,20,3,24,29,8,19,1,14,0,5,6,12,11,26,4,9,27,9,20,27,26,30,9,17,29,18,10,19
996,11,5,16,11,16,13,7,3,6,9,6,8,10,6,6,14,18,16,1,16,12,20,13,19,5,13,8,10,4,18,0,19,3,1,12,5
997,9,16,7,17,0,20,8,8,10,2,8,25,6,15,16,26,21,9,6,13,5,17,4,25,1,15,19,9,5,28,2,29,5,13,11,17
998,30,16,17,28,12,14,10,11,30,5,17,21,24,26,18,20,17,11,28,27,3,12,18,8,12,19,17,28,14,9,11,29,27,19,30,17
999,1,6,7,2,7,15,0,4,1,14,0,10,11,8,7,1,18,3,14,3,10,20,15,1,5,9,2,19,16,1,8,11,3,6,15,3
1000,4,2,13,26,30,17,26,21,16,20,19,2,7,7,20,1,24,8,17,24,6,6,13,22,27,17,11,0,13,14,20,9,29,9,30,5
1001,0,0,0,0,0,0,0,0,0,0,0,0,0,0,0,0,0,0,0,0,0,0,0,0,0,0,0,0,0,0,0,0,0,0,0,0
1002,0,1,2,3,4,5,6,7,8,9,10,11,12,13,14,15,16,17,18,19,20,21,22,23,24,25,26,27,28,29,30,31,32,33,34,35
1003,0,1,2,3,3,3,3,3,3,3,3,4,4,4,4,4,4,4,4,4,5,5,5,5,5,5,5,5,5,5,5,6,6,6,6,6
